Dates,Open,High,Low,Close,Volume,MarketCap
03-01-2023,0.9996,1,0.9992,0.9998,"9,69,81,607","5,75,97,13,141"
02-01-2023,0.9998,1,0.9992,0.9995,"8,89,33,627","5,75,51,06,573"
01-01-2023,0.9998,1,0.9991,0.9998,"8,60,42,718","5,74,95,46,794"
31-12-2022,1,1,0.9993,0.9998,"9,37,32,789","5,75,67,64,961"
30-12-2022,1,1,0.9988,0.9999,"12,56,10,960","5,76,16,92,207"
29-12-2022,0.9999,1,0.9986,1,"15,71,05,170","5,77,59,90,974"
28-12-2022,0.9996,1,0.9987,1,"29,27,51,778","5,78,49,39,131"
27-12-2022,0.9999,1,0.9989,0.9997,"17,47,26,661","5,82,15,30,158"
26-12-2022,1,1,0.9991,0.9999,"11,05,98,029","5,83,57,52,348"
25-12-2022,0.9999,1,0.9989,1,"9,85,90,278","5,84,75,86,517"
24-12-2022,0.9995,1,0.9992,0.9999,"6,40,47,841","5,85,61,14,842"
23-12-2022,1,1,0.9991,0.9996,"13,98,31,984","5,85,26,79,947"
22-12-2022,1,1,0.9986,1,"15,20,12,406","5,86,43,76,959"
21-12-2022,0.9997,1,0.9989,0.9999,"13,38,32,993","5,87,26,75,221"
20-12-2022,0.9994,1,0.9989,0.9997,"18,70,23,130","5,86,87,07,933"
19-12-2022,0.999,1,0.9977,0.9994,"12,94,81,276","5,84,46,59,138"
18-12-2022,0.9999,1,0.9989,0.999,"9,58,42,181","5,83,94,53,022"
17-12-2022,0.9994,1,0.9985,0.9999,"12,22,94,487","5,84,48,69,823"
16-12-2022,0.9996,1,0.9969,0.9994,"24,79,88,761","5,81,94,18,388"
15-12-2022,0.9996,1,0.9983,0.9996,"15,87,06,652","5,82,49,33,890"
14-12-2022,1,1,0.9978,0.9996,"19,33,79,597","5,84,75,77,057"
13-12-2022,1,1,0.9987,0.9999,"29,87,58,727","5,86,09,77,967"
12-12-2022,0.9997,1,0.999,1,"16,98,32,003","5,86,03,48,938"
11-12-2022,1,1,0.999,0.9997,"15,84,92,142","5,87,06,63,182"
10-12-2022,0.9996,1,0.9993,1,"10,83,31,350","5,87,80,83,048"
09-12-2022,0.9999,1,0.9991,0.9996,"10,77,06,939","5,87,10,16,643"
08-12-2022,0.9997,1,0.9992,0.9999,"15,74,12,755","5,87,10,50,407"
07-12-2022,0.9999,1,0.9976,0.9997,"22,26,71,626","5,86,17,06,718"
06-12-2022,0.9999,1,0.9988,0.9999,"17,57,76,988","5,87,82,46,179"
05-12-2022,1,1,0.9984,0.9999,"18,24,89,661","5,68,63,38,012"
04-12-2022,0.9994,1,0.9992,1,"17,06,79,905","5,68,77,16,800"
03-12-2022,1,1,0.9988,0.9996,"13,97,70,008","5,68,74,47,981"
02-12-2022,0.9997,1,0.9984,1,"22,27,32,543","5,68,93,04,061"
01-12-2022,0.9995,1,0.9991,0.9995,"22,63,24,772","5,66,08,55,403"
30-11-2022,0.9997,1,0.999,0.9995,"33,23,56,663","5,67,13,67,954"
29-11-2022,0.9998,1,0.9992,0.9997,"23,87,19,727","5,64,37,14,300"
28-11-2022,0.9994,1,0.998,0.9998,"24,37,45,243","5,66,21,26,386"
27-11-2022,0.9999,1,0.9991,0.9995,"14,46,65,197","5,68,63,12,479"
26-11-2022,1,1,0.9994,0.9999,"18,21,51,995","5,73,23,93,082"
25-11-2022,1,1,0.9991,1,"23,43,11,698","5,72,05,55,485"
24-11-2022,1,1,0.999,1,"37,19,82,558","5,72,01,80,898"
23-11-2022,1,1,0.9993,1,"32,91,77,661","5,74,83,71,543"
22-11-2022,1,1,0.999,1,"34,79,57,514","5,84,41,85,913"
21-11-2022,1,1,0.9986,1,"39,21,66,608","5,84,21,91,262"
20-11-2022,1,1,0.9988,1,"30,38,83,492","5,88,13,83,183"
19-11-2022,1,1,0.9997,1,"20,65,63,619","5,89,97,62,725"
18-11-2022,1,1,0.9991,1,"20,54,30,700","5,89,55,27,720"
17-11-2022,1,1,0.9991,1,"30,14,56,417","5,91,57,02,743"
16-11-2022,1,1,0.9988,1,"40,71,88,046","5,89,08,31,068"
15-11-2022,1,1,0.9989,1,"33,75,87,740","5,91,00,68,667"
14-11-2022,1,1,0.9983,1,"43,01,97,100","5,94,32,83,958"
13-11-2022,1,1,0.9989,1,"29,34,33,918","5,92,83,56,117"
12-11-2022,1,1,0.9991,1,"28,91,50,844","5,91,53,28,368"
11-11-2022,1,1,0.9985,1,"48,46,93,123","5,87,13,29,025"
10-11-2022,1,1.01,0.9991,1,"1,04,22,29,927","5,86,57,40,699"
09-11-2022,0.9996,1,0.9941,1,"94,43,22,299","5,95,92,75,198"
08-11-2022,1,1,0.9904,0.9996,"65,10,16,874","6,21,05,06,394"
07-11-2022,0.9995,1,0.9989,1,"30,84,45,099","6,24,86,98,771"
06-11-2022,0.9999,1,0.9987,0.9992,"24,69,46,435","6,17,30,08,698"
05-11-2022,0.9997,1,0.9989,1,"20,50,28,353","6,18,10,43,890"
04-11-2022,1,1,0.9985,0.9998,"34,31,12,607","6,14,19,92,241"
03-11-2022,1,1,0.9988,1,"24,42,08,655","6,12,77,05,802"
02-11-2022,0.9999,1,0.9986,1,"29,61,03,759","6,12,61,43,879"
01-11-2022,0.9999,1,0.999,0.9999,"21,01,87,761","6,11,37,46,795"
31-10-2022,1,1,0.9983,0.9999,"33,24,71,867","6,14,11,84,583"
30-10-2022,1,1,0.9989,1,"22,58,86,754","6,23,64,93,343"
29-10-2022,1,1,0.9991,1,"29,10,41,158","6,24,28,73,918"
28-10-2022,0.9997,1,0.9987,1,"39,05,58,637","6,22,52,82,258"
27-10-2022,0.9997,1,0.9985,0.9997,"33,85,67,790","6,25,69,53,404"
26-10-2022,0.9998,1,0.9989,0.9998,"35,60,99,703","6,24,80,93,494"
25-10-2022,0.9997,1,0.9984,0.9999,"34,62,86,705","6,23,69,33,043"
24-10-2022,1,1,0.9986,0.9997,"26,82,69,167","6,24,19,92,773"
23-10-2022,0.9999,1,0.999,1,"16,96,50,072","6,24,76,92,840"
22-10-2022,0.9999,1,0.9991,0.9999,"20,26,38,326","6,21,28,39,278"
21-10-2022,0.9997,1,0.9987,0.9999,"25,44,54,491","6,20,51,58,395"
20-10-2022,0.9998,1,0.9988,0.9997,"19,89,71,785","6,25,16,56,270"
19-10-2022,0.9998,1,0.9988,1,"21,37,74,999","6,33,58,01,681"
18-10-2022,0.9996,1,0.9989,0.9997,"23,88,58,212","6,46,01,28,683"
17-10-2022,0.9998,1,0.9991,0.9996,"31,26,85,002","6,45,65,97,515"
16-10-2022,0.9996,1,0.9992,0.9998,"17,70,02,768","6,47,82,95,358"
15-10-2022,1,1,0.9991,0.9997,"14,82,95,990","6,47,36,65,492"
14-10-2022,0.9997,1,0.9987,1,"45,07,40,086","6,48,83,06,954"
13-10-2022,0.9992,1,0.9984,0.9996,"59,54,69,371","6,49,24,85,057"
12-10-2022,0.9997,1,0.9992,0.9993,"23,46,73,316","6,65,94,02,973"
11-10-2022,0.9992,1,0.9987,0.9997,"35,70,29,174","6,67,26,52,255"
10-10-2022,0.9999,1,0.9986,0.9993,"24,04,84,178","6,73,40,11,394"
09-10-2022,0.9999,1,0.9991,0.9999,"18,36,34,481","6,76,33,22,037"
08-10-2022,0.9997,1,0.9988,0.9998,"16,42,22,590","6,77,01,72,434"
07-10-2022,0.9996,1,0.9984,0.9996,"32,98,02,095","6,76,81,25,576"
06-10-2022,0.9998,1,0.9989,0.9995,"38,99,48,694","6,78,53,88,152"
05-10-2022,0.9998,1,0.9989,0.9997,"27,53,09,290","6,79,42,73,219"
04-10-2022,1,1,0.9992,0.9999,"32,70,88,391","6,81,80,37,014"
03-10-2022,0.9998,1,0.999,1,"50,14,42,923","6,78,09,68,048"
02-10-2022,0.9995,1,0.9986,0.9996,"24,40,75,699","6,83,02,10,006"
01-10-2022,0.9999,1,0.999,0.9995,"35,90,43,007","6,86,03,18,993"
30-09-2022,0.9999,1,0.9984,0.9998,"48,63,24,490","6,86,52,49,127"
29-09-2022,0.9995,1,0.9984,1,"42,43,83,311","6,87,46,12,304"
28-09-2022,0.9996,1,0.9982,0.9994,"40,72,90,083","6,85,93,32,751"
27-09-2022,1,1,0.9974,0.9998,"34,97,42,476","6,90,80,77,131"
26-09-2022,0.9998,1,0.9987,0.9999,"32,37,86,887","6,92,08,83,715"
25-09-2022,0.9995,1,0.9985,0.9998,"19,58,05,495","6,92,89,06,124"
24-09-2022,1,1,0.9986,0.9996,"24,56,62,524","6,92,86,18,161"
23-09-2022,0.9995,1,0.999,1,"29,65,11,850","6,98,16,70,714"
22-09-2022,1,1,0.9986,0.9997,"37,55,68,902","6,93,23,84,713"
21-09-2022,0.9995,1,0.9979,1,"48,71,58,988","6,87,61,49,458"
20-09-2022,0.9992,1,0.9986,0.9995,"35,12,87,177","6,87,47,36,728"
19-09-2022,0.9992,1,0.998,0.9993,"48,94,19,433","6,83,16,51,062"
18-09-2022,1,1,0.9986,0.9994,"37,12,62,485","6,88,05,42,890"
17-09-2022,1,1,0.999,1,"19,09,98,907","6,83,53,08,977"
16-09-2022,0.9998,1,0.9985,1,"44,28,03,639","6,83,40,63,123"
15-09-2022,1,1,0.9982,0.9997,"69,45,49,244","6,83,15,12,259"
14-09-2022,0.9985,1,0.9982,1,"69,84,10,149","6,83,39,88,191"
13-09-2022,0.9998,1,0.9966,0.9997,"85,13,31,148","6,85,15,76,129"
12-09-2022,1,1,0.9974,0.9998,"46,91,14,833","6,89,02,04,219"
11-09-2022,0.9998,1,0.9984,1,"34,00,02,365","6,90,57,21,201"
10-09-2022,1,1,0.999,0.9997,"34,56,15,261","6,89,87,85,653"
09-09-2022,1,1,0.999,0.9999,"46,71,89,159","6,87,48,78,325"
08-09-2022,1,1,0.9986,1,"39,10,20,932","6,87,49,87,464"
07-09-2022,0.9986,1,0.9985,1,"50,49,95,803","6,84,98,02,214"
06-09-2022,1,1,0.9977,0.9986,"57,37,41,432","6,86,18,13,679"
05-09-2022,1,1,0.999,1,"51,91,36,614","6,90,52,91,278"
04-09-2022,1,1,0.9991,1,"53,12,72,775","6,90,70,59,654"
03-09-2022,1,1,0.9983,1,"29,93,68,935","7,00,50,05,693"
02-09-2022,0.9998,1,0.9981,1,"47,74,87,274","7,00,56,46,499"
01-09-2022,0.9997,1,0.9971,0.9998,"37,07,15,815","6,97,71,31,561"
31-08-2022,0.9992,1,0.9978,0.9996,"59,35,23,153","6,97,11,55,000"
30-08-2022,0.9999,1,0.9974,0.9991,"64,88,14,217","6,94,41,86,166"
29-08-2022,0.9988,1,0.9988,0.9999,"62,81,35,412","6,93,95,57,451"
28-08-2022,1,1,0.9976,0.9987,"33,51,01,094","6,92,81,75,802"
27-08-2022,0.9995,1,0.9974,1,"45,73,08,374","6,94,07,51,370"
26-08-2022,1,1,0.998,0.9994,"56,21,72,158","6,96,39,07,333"
25-08-2022,0.9995,1,0.9991,1,"29,81,66,577","6,97,47,42,099"
24-08-2022,0.9999,1,0.9987,0.9995,"41,50,89,299","6,95,83,44,596"
23-08-2022,1,1,0.9986,0.9999,"47,59,77,728","6,96,53,80,867"
22-08-2022,0.9999,1,0.9977,1,"49,09,23,610","6,99,35,03,469"
21-08-2022,1,1,0.9987,0.9997,"42,81,57,936","7,00,83,87,057"
20-08-2022,0.9989,1,0.997,1,"50,46,55,674","7,05,55,79,992"
19-08-2022,0.9985,1,0.9977,0.9989,"80,85,02,472","7,09,87,58,066"
18-08-2022,0.9995,1,0.9985,0.9987,"33,36,47,252","7,14,49,65,701"
17-08-2022,0.9998,1,0.9969,0.9994,"57,59,93,160","7,18,71,56,677"
16-08-2022,0.9995,1,0.9981,0.9998,"52,28,23,197","7,23,24,23,249"
15-08-2022,0.9995,1,0.9979,0.9996,"63,70,63,804","7,25,79,23,535"
14-08-2022,0.9996,1,0.9981,0.9994,"35,68,43,514","7,26,40,92,075"
13-08-2022,0.9998,1,0.9986,0.9996,"39,07,81,938","7,31,01,79,131"
12-08-2022,0.9995,1,0.9984,0.9997,"65,80,30,751","7,29,25,27,455"
11-08-2022,1,1,0.9984,0.9996,"87,15,37,555","7,46,41,75,874"
10-08-2022,1,1,0.9988,1,"69,28,75,982","7,57,56,72,005"
09-08-2022,0.9998,1,0.9985,1,"1,18,90,51,176","7,52,78,09,210"
08-08-2022,0.9991,1,0.999,0.9997,"2,94,92,07,693","7,49,89,68,501"
07-08-2022,0.9995,1,0.9988,0.9991,"36,72,18,176","7,52,41,68,018"
06-08-2022,1,1,0.999,0.9994,"56,55,43,035","7,54,28,52,745"
05-08-2022,1,1,0.999,1,"60,68,33,837","7,51,07,04,307"
04-08-2022,0.9996,1,0.9985,1,"66,86,59,241","7,46,55,70,247"
03-08-2022,0.9995,1,0.9988,0.9997,"43,47,20,819","7,40,73,19,948"
02-08-2022,1,1,0.9983,0.9997,"85,90,44,159","7,39,07,18,162"
01-08-2022,0.9992,1,0.9988,1,"91,18,12,753","7,44,94,18,579"
31-07-2022,0.9994,1,0.9988,0.9991,"1,19,47,96,256","7,43,25,28,120"
30-07-2022,0.9992,1,0.9986,0.9994,"43,25,87,887","7,46,92,96,483"
29-07-2022,0.9991,1,0.9984,0.9991,"71,45,79,988","7,47,92,41,334"
28-07-2022,1,1,0.9988,0.999,"83,76,27,434","7,44,74,16,135"
27-07-2022,1,1,0.999,0.9999,"1,29,72,78,197","7,39,26,53,335"
26-07-2022,0.9993,1,0.9987,1,"1,16,39,55,322","7,33,04,84,133"
25-07-2022,0.9998,1,0.9989,0.9993,"64,18,36,216","7,35,43,81,796"
24-07-2022,1,1,0.9992,0.9998,"31,03,66,101","7,37,51,47,134"
23-07-2022,0.9999,1,0.999,1,"22,92,36,895","7,38,41,70,458"
22-07-2022,1,1,0.9988,0.9999,"36,26,78,509","7,31,32,62,700"
21-07-2022,0.9992,1,0.9984,0.9999,"28,67,28,850","7,28,58,81,396"
20-07-2022,1,1,0.9983,0.9991,"33,05,20,651","7,29,12,87,012"
19-07-2022,1,1,0.9987,1,"34,70,56,310","7,27,90,81,219"
18-07-2022,0.9994,1,0.9987,1,"36,27,80,858","7,24,23,06,768"
17-07-2022,1,1,0.999,0.9993,"17,89,79,231","7,17,32,09,753"
16-07-2022,0.9999,1,0.9989,0.9999,"24,18,98,537","7,04,05,62,267"
15-07-2022,0.9997,1,0.9991,0.9999,"26,60,25,714","6,99,38,74,625"
14-07-2022,1,1,0.9992,0.9998,"22,75,37,576","6,95,94,69,116"
13-07-2022,0.9992,1,0.9991,1,"23,16,85,293","6,92,34,42,580"
12-07-2022,0.9994,1,0.999,0.9992,"25,02,50,419","6,86,07,92,241"
11-07-2022,0.9995,1,0.9988,0.9995,"17,41,98,910","6,91,61,82,520"
10-07-2022,0.9997,1,0.9988,0.9995,"19,22,48,392","6,88,74,67,083"
09-07-2022,0.9996,1,0.9992,0.9997,"10,05,93,392","6,95,24,27,690"
08-07-2022,1,1,0.999,0.9996,"23,53,44,156","6,92,34,99,167"
07-07-2022,1,1,0.9997,1,"21,95,77,906","6,91,09,79,048"
06-07-2022,0.9999,1,0.9994,1,"20,45,66,870","6,88,81,36,681"
05-07-2022,1,1,0.9991,0.9999,"26,69,38,937","6,89,73,33,977"
04-07-2022,1,1,0.9993,1,"21,04,29,655","6,91,31,62,802"
03-07-2022,1,1,0.9994,1,"15,44,09,747","6,90,09,83,062"
02-07-2022,0.9999,1,0.9991,1,"19,20,11,906","6,87,08,89,606"
01-07-2022,1,1,0.999,0.9999,"34,57,50,428","6,85,93,77,604"
30-06-2022,1,1,0.999,1,"31,41,72,508","6,78,44,56,599"
29-06-2022,0.9999,1,0.9995,1,"29,51,93,646","6,80,01,87,231"
28-06-2022,0.9992,1,0.9989,0.9999,"34,97,31,783","6,72,82,50,929"
27-06-2022,0.9997,1,0.999,0.9992,"25,71,59,960","6,79,14,03,526"
26-06-2022,1,1,0.9992,0.9996,"21,27,97,554","6,78,22,60,868"
25-06-2022,1,1,0.9992,1,"24,42,58,444","6,81,29,82,370"
24-06-2022,1,1,0.999,1,"37,60,57,529","6,78,87,42,879"
23-06-2022,0.9991,1,0.9991,1,"35,38,13,415","6,79,63,86,686"
22-06-2022,0.9999,1,0.9983,0.9991,"30,31,26,637","6,79,38,06,725"
21-06-2022,1,1,0.999,0.9998,"34,86,78,972","6,78,25,58,951"
20-06-2022,0.9999,1,0.9987,1,"38,34,13,556","6,75,12,20,196"
19-06-2022,1,1,0.9991,1,"53,05,54,452","6,74,87,40,194"
18-06-2022,1,1,0.9984,1,"70,75,33,310","6,76,18,77,858"
17-06-2022,1,1,0.9994,1,"39,55,40,828","6,82,29,35,214"
16-06-2022,1,1,0.9988,1,"43,25,75,571","6,67,68,98,577"
15-06-2022,1,1,0.9988,1,"80,23,31,869","6,73,20,77,160"
14-06-2022,1,1,0.9989,1,"79,51,26,976","6,82,89,27,263"
13-06-2022,0.9999,1,0.9986,1,"1,14,08,57,352","6,92,08,75,897"
12-06-2022,0.9997,1,0.9987,0.9999,"32,32,37,156","6,98,93,73,080"
11-06-2022,0.9994,1,0.9985,0.9998,"35,83,66,641","7,02,33,01,269"
10-06-2022,0.9999,1,0.999,0.9994,"28,42,57,004","7,06,18,91,643"
09-06-2022,0.9999,1,0.9992,1,"15,28,17,553","6,98,65,61,801"
08-06-2022,0.9999,1,0.9991,1,"23,59,66,321","6,97,32,92,321"
07-06-2022,0.9999,1,0.9986,0.9999,"41,08,24,357","6,88,93,57,379"
06-06-2022,1,1,0.9994,0.9999,"20,51,29,363","6,85,79,12,839"
05-06-2022,1,1,0.9995,1,"21,20,58,328","6,83,47,93,115"
04-06-2022,0.9999,1,0.9992,1,"21,54,64,675","6,83,06,36,992"
03-06-2022,1,1,0.9991,0.9999,"22,37,56,034","6,82,44,27,246"
02-06-2022,1,1,0.9993,1,"22,83,26,162","6,81,19,11,362"
01-06-2022,1,1,0.9981,1,"24,48,29,435","6,79,34,01,726"
31-05-2022,1,1,0.9991,1,"21,92,85,219","6,76,16,83,478"
30-05-2022,1,1,0.9995,1,"30,22,07,850","6,69,50,83,677"
29-05-2022,1,1,0.9993,1,"10,99,35,313","6,64,76,36,088"
28-05-2022,1,1,0.9992,1,"16,63,33,209","6,63,72,52,173"
27-05-2022,0.9997,1,0.999,0.9995,"48,81,96,485","6,61,67,03,573"
26-05-2022,0.9997,1,0.999,0.9997,"54,75,27,265","6,59,46,71,409"
25-05-2022,1,1,0.9991,0.9996,"29,63,01,154","6,56,14,05,582"
24-05-2022,0.9997,1,0.9981,1,"33,73,78,874","6,58,34,45,368"
23-05-2022,1,1,0.9991,0.9998,"31,95,50,893","6,56,66,58,452"
22-05-2022,1,1,0.9996,1,"23,51,85,157","6,54,41,69,487"
21-05-2022,0.9999,1,0.9995,1,"35,22,84,549","6,52,32,35,725"
20-05-2022,1,1,0.9994,0.9999,"70,05,16,373","6,52,04,77,077"
19-05-2022,0.9991,1,0.9989,1,"37,15,28,681","6,56,58,37,866"
18-05-2022,1,1,0.9988,0.999,"35,67,83,138","6,49,75,94,837"
17-05-2022,0.9998,1,0.9988,1,"36,40,28,605","6,52,52,85,905"
16-05-2022,1,1,0.9985,0.9997,"37,59,83,904","6,41,54,05,976"
15-05-2022,1,1,0.9993,1,"57,69,51,806","6,44,97,94,856"
14-05-2022,0.9996,1,0.9981,1,"61,88,09,656","6,39,38,60,968"
13-05-2022,1,1,0.9988,0.9997,"74,76,62,744","6,41,93,50,321"
12-05-2022,1,1.01,0.9957,1,"2,35,33,00,214","6,43,61,57,518"
11-05-2022,0.9999,1,0.9942,1,"1,56,28,48,826","6,60,30,68,391"
10-05-2022,0.9988,1,0.9981,0.9999,"61,02,04,472","7,34,91,78,500"
09-05-2022,0.9995,1,0.9965,0.9983,"81,24,03,265","7,53,12,11,710"
08-05-2022,0.9995,1,0.9987,0.9996,"42,78,40,952","7,91,72,31,500"
07-05-2022,1,1,0.999,0.9995,"28,27,90,681","8,36,80,43,317"
06-05-2022,0.9997,1,0.9986,1,"37,26,26,341","8,51,68,42,188"
05-05-2022,1,1,0.9986,0.9998,"37,20,13,255","8,51,00,44,868"
04-05-2022,1,1,0.999,1,"30,23,16,703","8,56,09,18,173"
03-05-2022,0.9994,1,0.9987,0.9999,"25,24,28,683","8,64,60,01,062"
02-05-2022,1,1,0.9989,0.9993,"30,73,65,549","8,70,56,36,807"
01-05-2022,0.9995,1,0.999,1,"22,55,80,134","8,78,97,40,246"
30-04-2022,0.9998,1,0.9985,0.9996,"31,09,63,701","8,81,81,91,590"
29-04-2022,0.9997,1,0.9983,0.9998,"27,20,88,804","8,87,02,36,829"
28-04-2022,0.9998,1,0.9986,0.9997,"23,69,66,964","8,94,18,18,340"
27-04-2022,0.9999,1,0.9989,0.9998,"26,23,54,517","8,96,51,57,284"
26-04-2022,0.9998,1,0.9983,0.9999,"30,83,26,652","9,00,63,58,379"
25-04-2022,0.9994,1,0.9983,0.9999,"34,63,19,768","9,03,15,17,335"
24-04-2022,0.9989,1,0.9985,0.9994,"22,84,65,431","9,07,34,45,659"
23-04-2022,0.9998,1,0.9988,0.9989,"22,62,68,510","9,06,61,55,427"
22-04-2022,0.9996,1,0.9985,0.9998,"34,08,45,027","9,07,28,17,959"
21-04-2022,0.9997,1,0.9989,0.9996,"38,30,68,478","9,06,84,41,970"
20-04-2022,0.9999,1,0.9989,0.9996,"35,75,70,874","9,09,45,87,755"
19-04-2022,0.9999,1,0.9991,0.9999,"23,71,94,901","9,04,89,60,536"
18-04-2022,0.9998,1,0.999,0.9999,"33,33,04,593","9,06,05,80,453"
17-04-2022,0.9997,1,0.9991,0.9997,"24,74,59,851","9,10,23,35,656"
16-04-2022,0.9999,1,0.9991,0.9997,"14,67,27,390","9,11,00,23,624"
15-04-2022,1,1,0.999,1,"21,47,28,011","9,11,88,30,080"
14-04-2022,1,1,0.9991,1,"33,17,38,722","9,13,49,53,246"
13-04-2022,1,1,0.999,1,"36,15,94,416","9,15,41,36,887"
12-04-2022,0.9989,1,0.9985,1,"42,86,88,988","9,17,76,73,303"
11-04-2022,0.9995,1,0.9984,0.9989,"56,36,01,650","9,21,93,55,246"
10-04-2022,1,1,0.9991,0.9994,"20,26,91,574","9,43,94,42,843"
09-04-2022,0.9994,1,0.9991,1,"22,32,73,767","9,45,06,85,643"
08-04-2022,0.9997,1,0.9987,0.9994,"35,78,05,985","9,45,58,09,952"
07-04-2022,0.9995,1,0.9988,0.9997,"33,90,21,268","9,38,22,73,270"
06-04-2022,0.9992,1,0.9982,0.9995,"48,10,73,108","9,41,58,81,594"
05-04-2022,0.9999,1,0.9988,0.9991,"27,15,25,487","9,47,35,57,735"
04-04-2022,0.9994,1,0.9987,0.9999,"30,26,04,607","9,50,84,08,011"
03-04-2022,0.999,1,0.9989,0.9995,"26,35,83,783","9,49,93,40,377"
02-04-2022,1,1,0.9989,0.999,"32,06,10,704","9,51,60,45,591"
01-04-2022,0.9999,1,0.9989,1,"35,24,09,244","9,63,79,13,431"
31-03-2022,0.9996,1,0.9988,0.9998,"34,81,62,205","9,64,02,56,234"
30-03-2022,0.9998,1,0.9989,0.9996,"27,27,43,090","9,64,80,38,927"
29-03-2022,0.9991,1,0.9985,0.9998,"33,48,49,878","9,61,38,86,822"
28-03-2022,1,1,0.9986,0.9992,"40,33,66,239","9,65,66,14,389"
27-03-2022,0.9999,1,0.9991,0.9999,"21,67,29,623","9,68,14,22,761"
26-03-2022,0.9993,1,0.999,0.9999,"16,36,93,787","9,66,79,76,183"
25-03-2022,0.9995,1,0.9986,0.9992,"38,08,90,703","9,69,49,11,759"
24-03-2022,0.9999,1,0.999,0.9996,"37,37,81,101","9,75,06,89,456"
23-03-2022,0.9991,1,0.9989,0.9998,"27,16,83,659","9,88,69,42,830"
22-03-2022,0.999,1,0.9986,0.999,"32,11,05,083","9,92,25,59,675"
21-03-2022,0.9993,1,0.999,0.999,"24,34,80,294","9,95,91,35,082"
20-03-2022,0.9996,1,0.9986,0.9993,"17,35,71,504","9,96,38,62,903"
19-03-2022,0.9998,1,0.9991,0.9996,"20,19,85,106","9,90,56,86,673"
18-03-2022,0.9996,1,0.999,0.9998,"30,94,48,931","9,86,82,78,892"
17-03-2022,0.9998,1,0.9991,0.9996,"23,29,00,487","9,83,94,67,717"
16-03-2022,0.9996,1,0.9992,0.9998,"36,46,47,382","9,81,53,01,822"
15-03-2022,1,1,0.9991,0.9996,"25,47,26,965","9,80,91,90,117"
14-03-2022,0.9995,1,0.9992,1,"25,30,31,902","9,83,26,11,480"
13-03-2022,0.9999,1,0.9994,0.9995,"21,37,92,119","9,82,52,60,224"
12-03-2022,0.9996,1,0.9994,0.9998,"16,41,18,832","9,84,47,96,941"
11-03-2022,1,1,0.9989,0.9995,"27,44,68,040","9,82,66,62,403"
10-03-2022,1,1,0.999,1,"30,87,86,474","9,80,35,31,178"
09-03-2022,1,1,0.9991,1,"35,45,27,424","9,81,11,53,612"
08-03-2022,0.9998,1,0.9992,1,"40,56,79,813","9,77,76,87,412"
07-03-2022,0.9994,1,0.9987,0.9998,"32,50,45,354","9,89,32,73,423"
06-03-2022,1,1,0.9992,0.9994,"24,50,03,900","9,71,57,80,722"
05-03-2022,0.9997,1,0.9992,1,"21,52,66,906","9,71,28,13,715"
04-03-2022,0.9998,1,0.9988,0.9997,"49,21,35,641","9,72,53,73,677"
03-03-2022,0.9996,1,0.9986,0.9998,"26,20,44,068","9,65,03,26,208"
02-03-2022,1,1,0.9988,0.9996,"36,01,46,547","9,63,74,66,347"
01-03-2022,1,1,0.9991,1,"31,07,92,892","9,69,93,65,114"
28-02-2022,0.9995,1,0.9983,1,"32,00,23,358","9,68,72,74,207"
27-02-2022,1,1,0.9987,0.9995,"29,73,92,424","9,65,08,27,926"
26-02-2022,0.9997,1,0.999,1,"20,53,36,506","9,65,97,28,725"
25-02-2022,1,1,0.999,0.9997,"33,04,33,421","9,67,05,67,963"
24-02-2022,0.9995,1,0.998,1,"64,62,59,155","9,88,50,95,532"
23-02-2022,1,1,0.9985,0.9995,"33,42,97,814","10,07,24,92,019"
22-02-2022,0.9994,1,0.9983,1,"35,88,33,503","10,09,96,48,611"
21-02-2022,0.9994,1,0.9985,0.9993,"41,47,12,522","10,15,59,53,509"
20-02-2022,0.9997,1,0.9976,0.9994,"27,22,69,069","10,18,16,59,739"
19-02-2022,0.9995,1,0.9987,0.9997,"22,81,15,096","10,20,37,91,470"
18-02-2022,0.9991,1,0.9984,0.9995,"32,40,32,810","10,18,45,81,563"
17-02-2022,0.9991,1,0.9982,0.9991,"36,23,12,016","10,21,37,15,784"
16-02-2022,1,1,0.999,0.9991,"29,72,82,124","10,29,62,91,595"
15-02-2022,0.9997,1,0.9992,1,"34,34,75,775","10,37,63,05,259"
14-02-2022,0.9994,1,0.9988,0.9997,"24,47,26,133","10,23,55,48,002"
13-02-2022,0.9999,1,0.9988,0.9994,"18,11,15,043","10,24,80,68,652"
12-02-2022,1,1,0.9987,0.9999,"28,33,22,887","10,25,36,04,989"
11-02-2022,0.9991,1,0.9983,1,"46,09,02,599","10,25,58,82,276"
10-02-2022,0.9998,1,0.9986,0.9991,"46,38,14,426","10,22,45,07,719"
09-02-2022,0.9996,1,0.9991,0.9999,"31,96,86,505","10,17,83,91,439"
08-02-2022,0.9999,1,0.9984,0.9996,"43,84,50,428","10,07,95,82,914"
07-02-2022,1,1,0.9992,0.9999,"39,95,44,172","9,90,47,53,719"
06-02-2022,0.9995,1,0.9992,1,"22,03,17,986","9,76,96,08,818"
05-02-2022,1,1,0.9989,0.9995,"36,26,82,891","9,74,07,22,469"
04-02-2022,1,1,0.9993,1,"34,44,73,090","9,64,74,09,784"
03-02-2022,0.9998,1,0.9989,1,"24,20,35,999","9,61,33,10,907"
02-02-2022,1,1,0.9988,0.9998,"25,50,58,310","9,64,81,78,414"
01-02-2022,1,1,0.999,1,"32,63,02,883","9,62,77,63,706"
31-01-2022,0.9998,1,0.999,1,"27,50,13,830","9,59,61,44,801"
30-01-2022,1,1,0.999,0.9998,"24,72,27,537","9,63,05,94,039"
29-01-2022,1,1,0.9991,1,"37,09,44,328","9,62,18,21,425"
28-01-2022,1,1,0.9987,1,"51,50,09,030","9,58,28,21,062"
27-01-2022,1,1,0.9985,1,"67,05,08,135","9,64,49,48,471"
26-01-2022,1,1,0.9988,1,"63,96,36,624","9,82,36,41,362"
25-01-2022,1,1,0.9992,1,"44,61,17,860","9,72,61,34,352"
24-01-2022,1,1,0.9985,1,"68,57,93,214","9,76,47,70,499"
23-01-2022,0.9999,1,0.9987,1,"40,49,65,759","9,61,90,16,838"
22-01-2022,1,1,0.9985,0.9999,"98,45,17,239","9,61,23,06,561"
21-01-2022,0.9997,1,0.9974,1,"92,51,28,860","9,59,45,06,415"
20-01-2022,0.9996,1,0.9987,0.9997,"46,33,56,217","9,75,86,23,589"
19-01-2022,0.9997,1,0.9985,0.9996,"45,17,58,676","9,75,23,75,770"
18-01-2022,0.9999,1,0.9987,0.9997,"51,22,19,720","9,69,30,59,987"
17-01-2022,1,1,0.9986,0.9999,"64,06,42,937","9,68,12,63,898"
16-01-2022,0.9994,1,0.9982,1,"38,43,53,707","9,61,52,30,808"
15-01-2022,1,1,0.9986,0.9994,"33,94,98,191","9,52,76,75,651"
14-01-2022,0.999,1,0.9984,1,"36,15,37,640","9,50,78,09,668"
13-01-2022,1,1,0.9978,0.9989,"46,81,75,817","9,46,51,29,191"
12-01-2022,1,1,0.9993,1,"41,09,06,024","9,43,30,17,929"
11-01-2022,1,1,0.9988,1,"46,93,85,653","9,36,38,69,361"
10-01-2022,0.9997,1,0.9983,1,"69,19,78,522","9,34,65,25,813"
09-01-2022,0.9997,1,0.9989,0.9997,"32,91,84,018","9,28,40,06,049"
08-01-2022,0.9995,1,0.9987,0.9997,"52,64,73,838","9,35,32,10,120"
07-01-2022,0.9994,1,0.9972,0.9996,"64,08,30,173","9,33,02,20,619"
06-01-2022,0.9999,1,0.9984,0.9995,"55,83,99,863","9,30,94,33,458"
05-01-2022,0.9991,1,0.9981,0.9999,"62,51,53,639","9,37,40,77,281"
04-01-2022,0.9998,1,0.9983,0.9991,"44,90,20,349","9,38,75,23,889"
03-01-2022,1,1,0.9981,0.9997,"42,12,11,916","9,36,30,93,229"
02-01-2022,0.9999,1,0.9985,1,"30,75,04,088","9,33,80,00,280"
01-01-2022,0.9991,1,0.9986,0.9999,"36,96,49,923","9,29,92,93,734"
31-12-2021,1,1,0.9978,0.9991,"38,44,78,346","9,26,10,37,189"
30-12-2021,0.9961,1,0.9952,1,"35,71,82,462","9,25,63,15,328"
29-12-2021,0.9955,1,0.9929,0.9962,"33,45,03,584","9,26,55,06,937"
28-12-2021,0.9998,1,0.992,0.9956,"58,84,48,318","9,27,31,61,463"
27-12-2021,1,1,0.9985,0.9997,"31,89,11,724","9,36,00,25,166"
26-12-2021,1,1,0.9981,1,"34,03,64,048","9,37,12,80,978"
25-12-2021,1,1.01,0.9984,1,"31,26,31,573","9,34,47,57,747"
24-12-2021,1,1.01,0.9999,1,"40,77,49,940","9,31,14,37,570"
23-12-2021,0.9989,1.01,0.9966,1,"55,74,03,282","9,33,53,62,793"
22-12-2021,1,1.01,0.9961,0.9989,"41,63,82,817","9,29,10,49,278"
21-12-2021,1,1.01,1,1,"52,41,47,706","9,33,12,71,460"
20-12-2021,0.9991,1,0.993,1,"64,23,67,212","9,27,62,85,533"
19-12-2021,1,1,0.998,0.9994,"51,77,68,581","9,22,15,15,725"
18-12-2021,0.9962,1,0.9912,1,"67,42,32,500","9,23,26,51,735"
17-12-2021,0.9985,0.9993,0.9899,0.9957,"77,63,95,626","9,15,43,62,532"
16-12-2021,0.9978,1,0.9958,0.9984,"59,91,30,456","9,18,27,37,538"
15-12-2021,1,1.01,0.9945,0.9977,"84,81,52,264","9,15,97,58,062"
14-12-2021,0.9981,1,0.9981,0.9995,"65,64,29,547","9,09,98,61,502"
13-12-2021,1,1,0.9896,0.9982,"80,84,73,625","6,46,33,32,649"
12-12-2021,1,1.01,0.9993,1,"51,25,74,340","6,48,77,65,381"
11-12-2021,0.9981,1.01,0.9938,1,"70,43,69,795","6,49,20,24,983"
10-12-2021,0.9974,1,0.9938,0.9983,"1,06,19,01,854","6,46,37,82,455"
09-12-2021,1,1,0.9947,0.9973,"84,08,93,285","6,45,75,33,795"
08-12-2021,0.9973,1,0.995,1,"68,77,29,167","6,47,95,72,906"
07-12-2021,1.01,1.01,0.9957,0.9973,"61,84,61,504","6,45,72,67,504"
06-12-2021,0.9992,1.01,0.9925,1.01,"1,13,15,69,722","6,53,86,70,161"
05-12-2021,1,1.01,0.9942,0.999,"86,87,90,845","6,46,87,91,929"
04-12-2021,0.9967,1,0.986,1,"1,59,16,11,965","6,47,99,02,374"
03-12-2021,0.9979,1,0.9932,0.9966,"93,87,76,589","6,45,30,41,464"
02-12-2021,0.998,1,0.9956,0.9975,"73,64,40,089","6,45,84,95,464"
01-12-2021,1,1.01,0.9974,0.998,"85,36,67,729","6,46,19,04,434"
30-11-2021,1,1.01,0.9979,1,"86,95,69,979","6,47,63,26,274"
29-11-2021,1,1.01,0.999,1,"57,85,56,874","6,50,53,83,112"
28-11-2021,1,1,0.998,1,"48,35,03,658","6,47,82,99,202"
27-11-2021,0.9992,1,0.9985,1,"42,64,81,175","6,47,75,43,363"
26-11-2021,1,1.01,0.9916,0.9992,"1,00,98,69,669","6,46,97,79,799"
25-11-2021,1,1.01,0.9997,1,"65,73,17,452","6,48,57,26,181"
24-11-2021,1.01,1.01,0.998,1,"77,73,83,225","6,50,55,68,868"
23-11-2021,0.9967,1.01,0.9965,1.01,"70,42,86,294","6,52,36,82,667"
22-11-2021,0.9968,1,0.9904,0.9967,"88,40,64,993","6,45,36,06,676"
21-11-2021,1.01,1.01,0.9969,0.9969,"61,89,43,781","6,45,51,21,631"
20-11-2021,1,1.01,1,1.01,"53,76,40,438","6,52,29,10,253"
19-11-2021,0.9965,1.01,0.9961,1,"60,16,74,071","6,50,62,47,295"
18-11-2021,1,1.01,0.9937,0.9965,"89,87,03,950","6,45,20,05,816"
17-11-2021,1,1.5,0.9958,1,"87,84,28,380","6,49,48,29,812"
16-11-2021,1,3.67,0.991,1,"1,14,11,88,827","6,48,24,37,452"
15-11-2021,1,1.01,0.9955,1,"51,40,44,279","6,47,59,85,837"
14-11-2021,1,1,0.9966,1,"47,76,55,571","6,47,96,71,888"
13-11-2021,1,1,0.998,1,"27,63,31,692","6,48,36,89,602"
12-11-2021,1.01,1.01,0.996,1,"65,91,78,404","6,48,70,59,019"
11-11-2021,0.9881,1.01,0.9881,1.01,"78,58,42,413","6,50,96,16,303"
10-11-2021,0.9995,1.02,0.9846,0.9878,"1,52,08,36,978","6,39,56,58,396"
09-11-2021,1,1,0.999,0.9995,"67,66,49,051","6,47,16,58,613"
08-11-2021,1,1,1,1,"87,36,22,180","6,48,45,86,673"
07-11-2021,1,1,0.9999,1,"69,83,71,098","6,48,63,66,544"
06-11-2021,1,1,0.9994,1,"78,08,00,285","6,48,24,40,017"
05-11-2021,1,1,0.9997,1,"78,84,56,036","6,48,15,65,116"
04-11-2021,1,1,0.9995,1,"1,01,74,51,212","6,47,54,77,884"
03-11-2021,1,1,0.9999,1,"1,15,15,06,611","6,48,02,56,656"
02-11-2021,1,1,0.9995,1,"1,02,98,80,030","6,48,34,31,948"
01-11-2021,0.9998,1,0.9991,1,"86,76,59,185","6,48,10,29,085"
31-10-2021,1,1,0.9988,0.9999,"86,06,83,891","6,47,43,10,632"
30-10-2021,1,1,0.9992,1,"81,57,78,190","6,47,80,24,729"
29-10-2021,1,1,0.9995,1,"1,02,44,29,214","6,47,50,21,396"
28-10-2021,1,1,0.9994,1,"1,32,39,43,225","6,48,08,97,484"
27-10-2021,1,1,0.9983,1,"95,35,07,480","6,47,64,28,486"
26-10-2021,0.9999,1,0.9997,1,"83,21,42,999","6,47,57,86,984"
25-10-2021,0.9999,1,0.9992,1,"50,26,32,533","6,47,50,38,524"
24-10-2021,1,1,0.9985,0.9999,"51,33,81,214","6,47,45,96,719"
23-10-2021,0.9995,1,0.9993,1,"56,66,84,264","6,48,53,57,786"
22-10-2021,0.9996,1,0.9988,0.9995,"63,15,36,339","6,47,19,40,435"
21-10-2021,0.9998,1,0.9988,0.9996,"75,24,13,163","6,47,25,36,426"
20-10-2021,0.9999,1,0.997,0.9998,"62,82,95,768","6,47,34,05,063"
19-10-2021,0.9995,1,0.9988,0.9999,"46,94,28,001","6,47,47,17,353"
18-10-2021,1,1,0.9987,0.9996,"55,06,97,217","6,47,23,31,322"
17-10-2021,0.9999,1,0.9987,1,"51,08,10,007","6,47,61,87,086"
16-10-2021,1,1,0.9985,1,"48,82,29,736","6,47,49,92,765"
15-10-2021,1,1,0.999,1,"1,20,44,18,606","6,47,57,12,509"
14-10-2021,1,1,0.9992,1,"52,09,05,069","6,47,85,58,463"
13-10-2021,1,1,0.9992,1,"40,95,55,634","6,48,15,69,248"
12-10-2021,1,1,0.9993,1,"42,11,33,105","6,47,58,35,248"
11-10-2021,1,1,0.9995,1,"46,01,07,456","6,47,84,51,210"
10-10-2021,1,1,0.9993,1,"36,28,65,687","6,47,71,27,413"
09-10-2021,1,1,0.9995,1,"26,93,12,663","6,48,08,01,986"
08-10-2021,1,1,0.9991,0.9999,"33,98,51,985","6,47,46,14,876"
07-10-2021,1,1,0.9992,1,"46,37,26,069","6,47,67,01,507"
06-10-2021,1,1,0.9992,1,"43,48,03,633","6,48,00,36,128"
05-10-2021,0.9999,1,0.9988,1,"39,15,41,823","6,48,23,00,891"
04-10-2021,1,1,0.9993,0.9999,"44,86,60,469","6,47,46,17,315"
03-10-2021,1,1,0.9997,1,"31,04,10,708","6,47,62,22,369"
02-10-2021,1,1,1,1,"31,31,43,929","6,48,27,90,667"
01-10-2021,1,1,0.9988,1,"49,95,88,273","6,47,74,52,081"
30-09-2021,1,1,0.9989,1,"55,92,33,196","6,48,01,37,667"
29-09-2021,0.9995,1.01,0.9984,1,"47,66,16,453","6,47,98,85,622"
28-09-2021,0.9998,1,0.9986,0.9992,"45,80,57,055","6,50,86,47,034"
27-09-2021,1,1,0.999,0.9998,"43,03,38,505","6,51,22,21,224"
26-09-2021,1,1,0.9996,1,"41,30,54,869","6,35,07,37,696"
25-09-2021,1,1,0.9995,1,"38,39,09,774","6,30,60,36,942"
24-09-2021,1,1,0.9974,1,"50,82,98,267","6,30,71,38,617"
23-09-2021,1,1,1,1,"37,58,94,392","6,30,41,26,785"
22-09-2021,1,1,0.9993,1,"51,42,84,288","6,30,40,98,854"
21-09-2021,0.9997,1,0.9987,0.9999,"72,98,12,381","6,57,77,79,725"
20-09-2021,1,1,0.999,1,"62,44,84,410","6,57,89,19,738"
19-09-2021,0.9994,1,0.9977,1,"30,97,14,536","6,59,90,81,265"
18-09-2021,0.9997,1,0.9987,0.9993,"29,87,12,688","6,59,54,59,732"
17-09-2021,1,1,0.9994,0.9996,"38,58,48,770","6,57,56,21,592"
16-09-2021,1,1,0.9991,1,"40,29,94,656","6,58,00,44,738"
15-09-2021,1,1,0.9999,1,"33,58,22,682","6,55,14,76,178"
14-09-2021,1,1,0.9996,1,"35,41,10,476","6,54,58,85,573"
13-09-2021,1,1,0.9985,1,"46,25,79,764","6,56,77,86,548"
12-09-2021,1,1,0.9991,1,"32,83,08,075","6,56,34,94,946"
11-09-2021,0.9996,1,0.999,1,"31,22,05,584","6,46,49,20,408"
10-09-2021,1,1,0.9981,0.9995,"42,86,38,272","6,47,22,42,368"
09-09-2021,1,1,0.9996,1,"43,46,54,009","6,49,92,92,670"
08-09-2021,1,1,0.9986,1,"66,94,47,321","6,49,13,97,173"
07-09-2021,1,1,0.9945,1,"91,27,96,953","6,50,94,91,173"
06-09-2021,1,1,0.9995,1,"40,66,44,063","6,47,65,35,122"
05-09-2021,1,1,0.9996,1,"33,82,07,646","6,43,10,07,334"
04-09-2021,1,1,0.9996,1,"36,87,89,401","6,40,82,44,035"
03-09-2021,1,1,0.9994,1,"48,53,95,132","6,40,18,54,900"
02-09-2021,1,1,0.9995,1,"50,80,38,352","6,35,09,27,925"
01-09-2021,1,1,1,1,"63,45,47,487","6,15,96,84,172"
31-08-2021,1,1,0.9999,1,"52,80,07,417","6,13,92,69,220"
30-08-2021,1,1,0.9996,1,"40,81,42,352","6,12,41,78,913"
29-08-2021,1,1,0.9992,1,"34,36,80,972","6,12,19,75,450"
28-08-2021,1,1,0.9998,1,"28,83,39,124","6,10,94,77,863"
27-08-2021,1,1,0.9998,1,"37,35,15,978","6,10,38,56,217"
26-08-2021,1,1,0.9995,1,"39,95,19,566","6,06,21,11,991"
25-08-2021,1,1,0.9997,1,"40,12,92,076","6,06,56,56,647"
24-08-2021,1,1,0.9994,1,"51,48,90,715","6,06,16,25,899"
23-08-2021,1,1,1,1,"45,24,02,053","6,07,39,16,654"
22-08-2021,1,1,0.9997,1,"37,26,42,719","6,06,37,81,008"
21-08-2021,1,1,0.9997,1,"41,22,85,189","6,05,13,44,195"
20-08-2021,1,1,0.9996,1,"49,60,05,267","6,04,71,14,370"
19-08-2021,1,1,0.9997,1,"41,34,79,889","6,02,52,56,014"
18-08-2021,1,1,0.9996,1,"54,55,51,935","6,00,74,46,393"
17-08-2021,1,1,0.9995,1,"56,89,75,430","5,98,34,33,881"
16-08-2021,1,1,0.9996,1,"44,12,99,032","5,99,22,52,003"
15-08-2021,1,1,0.9991,1,"44,21,35,260","5,98,28,21,108"
14-08-2021,1,1,0.9998,1,"39,29,51,236","5,95,34,76,907"
13-08-2021,1,1.01,0.9996,1,"41,29,68,231","5,93,78,93,334"
12-08-2021,1,1,0.9998,1,"53,20,72,423","5,89,76,53,341"
11-08-2021,1,1,0.9995,1,"45,39,31,546","5,86,14,28,606"
10-08-2021,1,1,0.9992,1,"48,03,54,477","5,82,44,77,581"
09-08-2021,1,1,0.9994,1,"66,22,40,256","5,78,13,11,642"
08-08-2021,1,1,0.9988,1,"53,21,06,465","5,78,96,10,148"
07-08-2021,1,1,0.9998,1,"57,86,60,249","5,75,66,07,882"
06-08-2021,1,1,0.9999,1,"53,01,26,811","5,71,41,86,101"
05-08-2021,1,1,0.9993,1,"58,19,53,866","5,70,31,21,008"
04-08-2021,1,1,0.9999,1,"49,90,90,741","5,69,44,79,332"
03-08-2021,1,1,0.9999,1,"41,10,90,049","5,68,58,05,670"
02-08-2021,1,1,0.9997,1,"41,50,95,659","5,67,66,46,249"
01-08-2021,1,1,0.9996,1,"42,30,59,360","5,67,20,46,362"
31-07-2021,1,1,1,1,"37,65,40,061","5,63,79,00,505"
30-07-2021,1,1,1,1,"43,97,87,815","5,62,05,59,784"
29-07-2021,1,1,1,1,"40,27,78,737","5,60,47,88,948"
28-07-2021,1,1,1,1,"44,08,13,089","5,60,79,76,515"
27-07-2021,1,1,0.9998,1,"46,28,15,122","5,57,84,08,742"
26-07-2021,1,1.01,0.9998,1,"61,79,80,199","5,56,17,30,477"
25-07-2021,1,1,0.9995,1,"26,27,61,749","5,54,85,80,156"
24-07-2021,1,1,1,1,"29,65,25,646","5,53,88,92,872"
23-07-2021,1,1,1,1,"29,39,16,114","5,47,66,66,063"
22-07-2021,1,1,1,1,"33,59,13,082","5,51,84,72,777"
21-07-2021,1,1,1,1,"42,07,72,464","5,48,62,64,194"
20-07-2021,1,1,1,1,"49,36,41,706","5,45,84,71,579"
19-07-2021,1,1,1,1,"29,71,76,018","5,46,34,84,717"
18-07-2021,1,1,1,1,"25,18,78,244","5,50,59,40,079"
17-07-2021,1,1,0.9999,1,"26,35,65,112","5,50,44,99,872"
16-07-2021,1,1,0.9997,1,"31,98,99,060","5,50,09,96,288"
15-07-2021,1,1,0.9996,1,"38,90,74,377","5,48,68,73,456"
14-07-2021,1,1,0.9992,1,"33,19,60,811","5,48,46,96,857"
13-07-2021,1,1,0.9997,1,"36,45,46,707","5,47,84,38,364"
12-07-2021,1,1,0.999,1,"33,18,97,616","5,49,95,92,423"
11-07-2021,1,1,0.9999,1,"22,43,81,459","5,49,47,99,509"
10-07-2021,0.9999,1,0.9992,1,"30,56,32,379","5,48,41,78,370"
09-07-2021,1,1,0.9989,1,"32,11,66,645","5,49,62,36,609"
08-07-2021,1,1,0.9988,1,"35,90,03,866","5,48,78,34,797"
07-07-2021,1,1,0.9996,1,"31,72,25,178","5,48,69,50,095"
06-07-2021,1,1,0.9971,1,"36,81,44,762","5,48,03,52,897"
05-07-2021,1,1,0.999,1,"26,08,18,209","5,46,58,02,674"
04-07-2021,1,1,0.9998,1,"22,47,06,857","5,44,18,84,561"
03-07-2021,1,1,1,1,"27,86,26,999","5,42,59,38,450"
02-07-2021,1,1,0.9991,1,"27,73,95,241","5,40,82,68,924"
01-07-2021,1,1,0.9997,1,"34,19,79,411","5,40,59,63,584"
30-06-2021,1,1,0.9997,1,"35,52,37,053","5,39,88,87,088"
29-06-2021,1,1,1,1,"28,61,75,950","5,21,72,63,297"
28-06-2021,1,1,1,1,"32,41,36,454","5,19,06,39,630"
27-06-2021,1,1,1,1,"29,59,63,346","5,15,82,36,753"
26-06-2021,1,1,0.9993,1,"30,36,92,070","5,15,24,76,846"
25-06-2021,1,1,0.9983,1,"33,66,82,045","5,17,15,23,814"
24-06-2021,1,1,1,1,"28,24,31,450","5,19,52,80,497"
23-06-2021,1,1,1,1,"42,41,47,508","5,12,58,55,860"
22-06-2021,1,1,1,1,"67,13,81,877","5,08,27,28,094"
21-06-2021,1,1,1,1,"60,79,62,270","5,12,97,91,734"
20-06-2021,1,1,1,1,"33,94,55,930","5,22,25,59,516"
19-06-2021,1,1,1,1,"25,10,48,495","5,27,29,65,597"
18-06-2021,1,1,1,1,"38,11,14,476","5,26,71,96,251"
17-06-2021,1,1,1,1,"28,60,60,450","5,22,90,49,043"
16-06-2021,1,1,0.9991,1,"36,42,57,414","5,36,03,14,943"
15-06-2021,1,1.01,0.9999,1,"28,65,55,901","5,25,79,84,420"
14-06-2021,1,1,1,1,"24,23,01,146","5,24,24,56,937"
13-06-2021,1,1,1,1,"27,09,69,903","5,21,95,40,064"
12-06-2021,1,1,1,1,"28,07,32,916","5,21,58,65,889"
11-06-2021,1,1,0.9991,1,"30,16,31,289","5,23,89,94,021"
10-06-2021,1,1,1,1,"33,56,28,518","5,12,64,00,412"
09-06-2021,1,1,1,1,"39,40,37,000","5,09,72,20,463"
08-06-2021,1,1,1,1,"47,41,48,514","4,90,09,74,395"
07-06-2021,1,1,1,1,"32,75,24,797","4,88,91,58,088"
06-06-2021,1,1,1,1,"23,56,89,087","4,82,07,93,380"
05-06-2021,1,1,0.9998,1,"30,04,22,493","4,80,22,34,310"
04-06-2021,1,1,1,1,"48,14,21,472","4,79,09,00,827"
03-06-2021,1,1,1,1,"40,94,46,273","4,73,51,92,183"
02-06-2021,1,1,1,1,"32,88,95,297","4,66,61,62,401"
01-06-2021,1,1,1,1,"36,46,68,878","4,65,43,54,565"
31-05-2021,1,1,0.9996,1,"37,47,71,888","4,66,73,49,089"
30-05-2021,1,1,0.9996,1,"36,95,73,069","4,67,54,30,151"
29-05-2021,1,1,0.9998,1,"41,40,42,058","4,71,54,61,453"
28-05-2021,1,1,0.9998,1,"52,84,90,119","4,65,97,72,783"
27-05-2021,1,1,1,1,"41,75,06,472","4,62,63,25,952"
26-05-2021,1,1,1,1,"58,47,34,057","4,59,05,82,354"
25-05-2021,1,1,1,1,"64,83,99,793","4,48,97,28,952"
24-05-2021,1,1,0.9997,1,"82,94,07,332","4,45,62,91,160"
23-05-2021,1,1,0.9996,1,"1,49,07,94,604","4,24,94,14,924"
22-05-2021,1,1,0.9999,1,"71,05,97,325","4,43,86,38,396"
21-05-2021,1,1,0.9982,1,"1,20,04,09,201","4,46,84,00,294"
20-05-2021,1,1.01,0.9989,1,"1,43,30,53,101","4,45,77,70,841"
19-05-2021,1,1.02,0.9896,1,"2,45,15,28,154","4,57,46,62,002"
18-05-2021,0.9999,1,0.9994,1,"60,25,79,859","4,96,80,62,544"
17-05-2021,1,1,0.9983,1,"98,70,79,216","4,92,01,61,934"
16-05-2021,0.9989,1,0.9982,1,"93,54,40,569","4,89,81,16,896"
15-05-2021,1,1,0.9979,0.9993,"55,22,13,630","4,78,34,86,040"
14-05-2021,1,1,0.999,0.9999,"67,39,00,520","4,76,66,08,057"
13-05-2021,0.9992,1.01,0.998,1,"1,23,86,29,426","4,67,94,67,301"
12-05-2021,1,1,0.9987,0.9998,"78,44,53,087","4,80,86,29,128"
11-05-2021,1,1,0.9982,1,"53,85,59,342","4,76,61,57,270"
10-05-2021,1,1,0.9973,1,"74,12,51,912","4,74,39,00,769"
09-05-2021,1,1,0.9986,1,"49,42,81,876","4,66,10,98,391"
08-05-2021,1,1,0.9983,1,"51,05,40,165","4,58,23,75,424"
07-05-2021,0.9999,1,0.9988,1,"41,02,09,482","4,53,70,77,251"
06-05-2021,1,1,0.9994,0.9997,"45,16,78,426","4,46,12,16,985"
05-05-2021,1,1,0.9998,1,"50,63,28,952","4,26,11,19,054"
04-05-2021,1,1,0.9987,1,"79,75,61,594","4,13,30,63,257"
03-05-2021,1,1.01,0.9985,1,"68,17,33,481","4,05,46,99,567"
02-05-2021,1,1.01,0.9962,0.9996,"32,35,89,223","3,94,28,13,409"
01-05-2021,1,1,0.9995,1,"41,22,12,732","3,90,82,99,623"
30-04-2021,1,1,0.9995,1,"33,17,48,642","3,83,43,55,784"
29-04-2021,1,1,0.9988,0.9999,"42,78,49,765","3,83,14,10,624"
28-04-2021,1,1,0.9986,1,"45,61,29,857","3,75,76,84,564"
27-04-2021,1,1,0.9992,1,"35,77,28,279","3,71,46,18,910"
26-04-2021,1,1,0.9974,1,"48,67,84,736","3,65,07,96,260"
25-04-2021,0.9995,1,0.9981,1,"42,08,46,400","3,61,62,03,239"
24-04-2021,1,1,0.9988,0.9997,"46,31,29,005","3,59,74,80,353"
23-04-2021,0.9991,1,0.9981,1,"88,73,51,576","3,58,05,81,184"
22-04-2021,1,1,0.9974,0.9995,"74,13,21,561","3,60,00,49,668"
21-04-2021,0.9997,1,0.9976,0.9999,"54,17,24,830","3,59,55,80,685"
20-04-2021,0.9992,1,0.9932,0.9995,"50,44,72,488","3,57,48,55,686"
19-04-2021,0.9995,1,0.997,0.9993,"55,24,93,254","3,56,81,15,026"
18-04-2021,1.01,1.03,0.9983,0.9992,"79,65,38,401","3,55,98,46,719"
17-04-2021,1,1.01,0.999,1.01,"34,72,73,395","3,61,85,43,171"
16-04-2021,1,1,0.9998,1,"43,85,68,670","3,48,27,28,689"
15-04-2021,1,1,1,1,"37,74,19,555","3,33,57,03,339"
14-04-2021,0.9998,1,0.9994,1,"48,13,63,225","3,28,45,77,270"
13-04-2021,1,1,0.9993,0.9998,"37,07,95,996","3,30,41,37,244"
12-04-2021,1,1,0.9998,0.9999,"27,14,73,757","3,26,38,72,319"
11-04-2021,1,1,0.9993,1,"23,94,49,819","3,28,34,27,603"
10-04-2021,1,1,0.998,1,"30,40,29,632","3,25,75,54,688"
09-04-2021,1.01,1.01,1,1,"23,84,16,833","3,19,73,39,504"
08-04-2021,1,1.01,1,1.01,"27,48,11,495","3,19,84,82,687"
07-04-2021,1,1,1,1,"40,49,24,089","3,18,12,64,516"
06-04-2021,1,1,0.9997,1,"35,14,73,797","3,19,38,30,104"
05-04-2021,1.01,1.01,0.9996,1,"37,32,21,031","3,17,22,54,273"
04-04-2021,1,1.01,1,1.01,"31,62,57,511","3,20,61,03,303"
03-04-2021,1.01,1.01,1,1,"42,81,24,063","3,18,32,10,637"
02-04-2021,1,1.01,1,1,"38,58,16,021","3,15,89,56,436"
01-04-2021,1,1.01,0.9993,1,"33,77,07,837","3,06,24,59,338"
31-03-2021,1,1.01,1,1,"32,47,19,221","3,02,71,14,382"
30-03-2021,1,1,1,1,"24,39,45,747","3,02,50,73,804"
29-03-2021,1,1.02,0.9993,1,"29,50,91,258","3,01,64,32,493"
28-03-2021,1,1,1,1,"25,75,75,304","2,98,94,78,008"
27-03-2021,1,1.01,1,1,"25,12,11,601","2,97,65,93,863"
26-03-2021,1,1.01,1,1.01,"24,20,79,459","2,97,15,08,899"
25-03-2021,1,1.01,0.9985,1,"28,27,84,219","2,94,23,76,138"
24-03-2021,1,1.01,0.9989,1,"30,72,23,258","2,92,37,84,400"
23-03-2021,0.9996,1.01,0.9979,1,"28,99,70,073","2,93,10,94,321"
22-03-2021,1,1.01,0.9977,0.9996,"30,30,31,779","2,91,02,53,619"
21-03-2021,1,1.01,0.9989,1,"20,50,61,220","2,88,81,55,180"
20-03-2021,1,1.01,1,1,"18,20,19,409","2,87,63,56,980"
19-03-2021,1,1.01,1,1,"20,12,91,364","2,87,41,23,859"
18-03-2021,1.01,1.01,0.9798,1,"19,86,66,819","2,86,80,35,135"
17-03-2021,1,1.01,0.9998,1.01,"21,79,50,952","2,86,11,34,335"
16-03-2021,1,1,1,1,"28,13,61,723","2,84,54,38,233"
15-03-2021,1,1,1,1,"33,00,87,934","2,77,38,38,478"
14-03-2021,1,1,1,1,"24,36,92,916","2,75,26,12,928"
13-03-2021,1,1,1,1,"28,54,01,738","2,74,11,08,680"
12-03-2021,1,1,1,1,"27,63,19,938","2,70,88,72,257"
11-03-2021,1,1,1,1,"34,23,77,294","2,63,72,26,772"
10-03-2021,1,1,1,1,"29,53,03,873","2,61,94,36,576"
09-03-2021,1,1,1,1,"47,80,41,984","2,61,69,87,843"
08-03-2021,1,1,1,1,"33,40,66,348","2,56,74,99,345"
07-03-2021,1,1,1,1,"28,49,08,278","2,55,59,21,014"
06-03-2021,1,1,1,1,"24,63,24,482","2,57,89,17,162"
05-03-2021,1,1,1,1,"43,27,06,961","2,55,16,57,209"
04-03-2021,1,1,1,1,"34,42,53,034","2,54,57,64,219"
03-03-2021,1,1,1,1,"29,50,66,719","2,53,14,59,607"
02-03-2021,1,1,1,1,"41,22,08,887","2,51,70,16,510"
01-03-2021,1,1,0.9987,1,"39,85,69,958","2,46,45,76,230"
28-02-2021,1,1.01,1,1,"62,39,40,938","2,33,93,82,380"
27-02-2021,1,1,1,1,"30,16,68,906","2,31,55,57,011"
26-02-2021,1,1,0.9999,1,"52,72,46,365","2,30,74,70,269"
25-02-2021,1,1,1,1,"41,48,68,315","2,32,66,80,913"
24-02-2021,1,1,1,1,"63,31,93,752","2,31,99,54,214"
23-02-2021,1,1.02,1,1,"1,30,35,67,116","2,28,83,51,369"
22-02-2021,1,1.01,0.9998,1,"84,04,80,068","2,36,36,13,990"
21-02-2021,1,1,1,1,"29,48,69,050","2,37,94,06,775"
20-02-2021,1,1,1,1,"40,95,23,226","2,36,01,17,727"
19-02-2021,1,1,0.9989,1,"35,35,58,289","2,07,61,46,820"
18-02-2021,1,1,1,1,"31,07,93,845","2,07,54,98,623"
17-02-2021,1,1,1,1,"29,98,72,020","2,07,58,95,912"
16-02-2021,1,1,1,1,"26,20,73,092","2,07,61,97,918"
15-02-2021,1,1.01,0.9967,1,"34,52,89,782","2,07,60,05,409"
14-02-2021,1,1,1,1,"25,49,01,718","2,07,73,82,846"
13-02-2021,1,1,1,1,"25,19,28,654","2,07,49,63,171"
12-02-2021,1,1,1,1,"27,15,53,255","2,05,13,92,677"
11-02-2021,1,1,1,1,"28,81,42,016","2,02,98,71,493"
10-02-2021,1,1,0.999,1,"36,24,14,223","1,96,74,18,375"
09-02-2021,1,1,1,1,"35,91,19,292","1,95,38,48,178"
08-02-2021,1,1,0.9997,1,"88,02,88,777","1,88,95,91,370"
07-02-2021,1,1,1,1,"33,04,23,304","1,80,97,09,947"
06-02-2021,1,1,1,1,"26,51,74,711","1,83,29,51,064"
05-02-2021,1,1,0.9999,1,"26,07,32,732","1,81,78,94,902"
04-02-2021,1,1,0.9998,1,"32,95,54,139","1,76,70,90,541"
03-02-2021,1,1,1,1,"28,79,10,066","1,73,83,67,232"
02-02-2021,1,1,1,1,"36,21,86,002","1,70,59,10,761"
01-02-2021,1,1,0.9998,1,"22,62,13,887","1,66,40,01,918"
31-01-2021,1,1,0.9994,1,"21,95,24,281","1,65,00,31,304"
30-01-2021,0.9996,1,0.9994,1,"20,70,85,085","1,64,94,74,423"
29-01-2021,1,1,0.9991,0.9997,"41,04,30,767","1,63,72,65,511"
28-01-2021,1,1,0.9999,1,"23,87,25,114","1,61,77,47,934"
27-01-2021,1,1,0.9994,1,"34,07,95,072","1,60,75,74,174"
26-01-2021,1,1,0.9995,1,"31,37,97,531","1,58,15,26,178"
25-01-2021,1,1,1,1,"35,11,31,614","1,57,26,49,698"
24-01-2021,1,1,1,1,"30,19,05,576","1,53,40,97,442"
23-01-2021,1,1,1,1,"29,76,79,712","1,46,16,15,485"
22-01-2021,1,1,1,1,"45,26,32,736","1,44,61,15,150"
21-01-2021,1,1,0.9992,1,"46,24,20,708","1,40,45,53,482"
20-01-2021,1,1,0.9992,1,"37,86,94,413","1,40,91,35,520"
19-01-2021,1,1,0.9999,1,"46,65,74,610","1,40,45,99,859"
18-01-2021,1,1,0.9999,1,"23,55,53,948","1,40,29,49,913"
17-01-2021,1,1,0.9999,1,"24,98,17,374","1,38,10,57,071"
16-01-2021,1,1,1,1,"32,10,98,274","1,36,68,39,995"
15-01-2021,1,1,1,1,"41,14,95,878","1,41,21,22,791"
14-01-2021,1,1,1,1,"39,93,50,087","1,39,34,51,331"
13-01-2021,1,1,0.9997,1,"33,33,95,308","1,36,32,81,086"
12-01-2021,1,1,0.9993,1,"44,87,64,354","1,36,53,10,691"
11-01-2021,0.9996,1.01,0.9985,1,"95,88,22,243","1,36,53,14,929"
10-01-2021,1,1.01,0.9995,0.9997,"46,14,27,626","1,42,27,02,198"
09-01-2021,1,1,0.9993,1,"42,67,71,932","1,40,77,50,980"
08-01-2021,0.9998,1,0.9993,1,"57,35,46,810","1,39,10,74,404"
07-01-2021,1,1,0.9992,0.9997,"50,79,48,433","1,36,77,51,927"
06-01-2021,1,1,1,1,"44,90,99,903","1,31,71,48,192"
05-01-2021,1,1,1,1,"47,98,69,770","1,32,69,51,728"
04-01-2021,1,1,1,1,"63,89,60,956","1,31,68,21,874"
03-01-2021,1,1,1,1,"53,72,97,796","1,22,55,66,701"
02-01-2021,1,1.01,0.999,1,"58,88,36,476","1,18,19,21,789"
01-01-2021,1,1.01,1,1,"27,81,53,536","1,20,70,45,952"
31-12-2020,1,1,1,1,"28,63,02,515","1,16,74,43,972"
30-12-2020,1,1,1,1,"30,48,20,960","1,15,46,81,128"
29-12-2020,1,1,1,1,"24,94,33,205","1,13,42,84,747"
28-12-2020,1,1,1,1,"23,86,69,160","1,13,06,44,660"
27-12-2020,1,1,1,1,"25,56,04,533","1,10,68,11,794"
26-12-2020,1,1,1,1,"16,71,14,394","1,12,50,30,127"
25-12-2020,1,1,1,1,"14,97,97,913","1,12,02,77,664"
24-12-2020,1,1,1,1,"19,39,88,316","1,11,99,56,633"
23-12-2020,1,1,1,1,"19,79,58,879","1,11,84,92,835"
22-12-2020,1,1,0.9987,1,"18,34,51,978","1,11,90,03,686"
21-12-2020,1,1,1,1,"18,40,92,257","1,12,66,49,455"
20-12-2020,1,1,1,1,"12,28,99,437","1,12,58,24,653"
19-12-2020,1,1,1,1,"14,49,59,639","1,13,51,76,580"
18-12-2020,1,1,1,1,"17,25,90,936","1,12,64,54,628"
17-12-2020,1,1,0.9997,1,"64,45,10,981","1,12,95,16,700"
16-12-2020,1,1,0.9994,1,"14,50,36,938","1,11,64,09,763"
15-12-2020,1,1,1,1,"12,13,26,135","1,09,80,48,141"
14-12-2020,1,1,1,1,"10,64,37,042","1,09,49,83,826"
13-12-2020,1,1,1,1,"9,66,54,102","1,09,49,06,044"
12-12-2020,1,1,0.9985,1,"13,57,86,393","1,08,75,70,390"
11-12-2020,1,1,1,1,"11,00,17,747","1,06,56,75,569"
10-12-2020,1,1,1,1,"12,70,15,957","1,08,27,92,814"
09-12-2020,1,1.01,1,1,"15,15,49,505","1,08,48,87,121"
08-12-2020,1,1.01,1,1,"13,75,67,456","1,07,93,34,771"
07-12-2020,1.01,1.01,1,1,"11,19,02,630","1,07,35,35,909"
06-12-2020,1,1.01,1,1.01,"12,05,93,421","1,07,96,54,389"
05-12-2020,1,1.01,1,1,"10,12,14,865","1,07,36,52,585"
04-12-2020,1,1,1,1,"11,41,81,888","1,07,34,32,520"
03-12-2020,1,1.01,1,1,"9,17,60,700","1,08,07,57,071"
02-12-2020,1,1.01,1,1,"10,56,98,786","1,07,60,28,394"
01-12-2020,1.01,1.01,1,1,"16,94,76,642","1,06,22,64,757"
30-11-2020,1,1.01,1,1.01,"16,31,31,514","1,05,34,45,327"
29-11-2020,1,1.01,1,1,"8,09,72,759","1,03,35,91,986"
28-11-2020,1,1.01,1,1,"8,28,38,266","1,01,93,34,637"
27-11-2020,1,1.01,1,1,"9,29,86,944","1,01,75,27,956"
26-11-2020,1,1.02,1,1,"33,89,92,663","1,01,69,11,192"
25-11-2020,1,1,0.9999,1,"13,59,82,585","1,04,63,31,678"
24-11-2020,1,1,0.9995,1,"13,67,43,554","1,04,12,53,536"
23-11-2020,1,1,0.9997,1,"13,32,39,146","1,02,27,81,582"
22-11-2020,1,1,1,1,"13,18,81,074","1,02,02,20,372"
21-11-2020,1,1,1,1,"12,49,21,915","1,02,10,19,638"
20-11-2020,1,1,1,1,"11,02,58,101","1,00,78,91,103"
19-11-2020,0.9996,1,0.9978,1,"8,94,86,359","99,28,02,143"
18-11-2020,1,1,0.9995,0.9996,"11,58,87,801","99,81,56,216"
17-11-2020,1,1,1,1,"17,76,76,838","1,01,43,75,753"
16-11-2020,1,1,0.9999,1,"8,83,74,297","1,01,35,41,409"
15-11-2020,1,1,1,1,"7,27,62,520","1,01,34,97,083"
14-11-2020,1,1.01,1,1,"7,32,40,415","1,00,39,57,131"
13-11-2020,1.01,1.01,1,1,"7,93,77,942","1,00,37,94,451"
12-11-2020,1.01,1.01,1,1.01,"8,40,59,158","99,81,08,548"
11-11-2020,1.01,1.01,1.01,1.01,"7,93,26,332","1,00,08,76,605"
10-11-2020,1.01,1.01,1.01,1.01,"7,51,09,382","97,11,07,167"
09-11-2020,1.01,1.01,1.01,1.01,"8,96,69,172","96,43,57,839"
08-11-2020,1.01,1.01,1.01,1.01,"7,89,82,780","96,09,44,301"
07-11-2020,1.01,1.01,1.01,1.01,"10,62,35,212","96,14,88,266"
06-11-2020,1.01,1.01,1.01,1.01,"10,48,39,157","95,72,12,051"
05-11-2020,1.01,1.01,1.01,1.01,"9,46,50,286","95,20,62,351"
04-11-2020,1.01,1.01,1.01,1.01,"8,93,61,046","95,18,72,847"
03-11-2020,0.9987,1.01,0.9982,1.01,"8,99,99,269","95,91,55,841"
02-11-2020,0.9992,1.01,0.994,0.9987,"8,37,81,269","94,23,64,875"
01-11-2020,1.01,1.01,0.9991,0.9992,"7,67,32,378","93,71,85,381"
31-10-2020,1.01,1.01,0.9943,1.01,"6,99,51,262","93,32,81,992"
30-10-2020,1.01,1.02,0.9916,1.01,"8,25,30,184","93,17,95,304"
29-10-2020,1.01,1.02,0.9953,1.01,"1,22,48,63,056","94,82,86,230"
28-10-2020,1.01,1.01,1,1.01,"11,57,70,390","94,93,33,650"
27-10-2020,1.01,1.01,1,1.01,"12,10,79,268","94,89,86,067"
26-10-2020,0.9969,1.01,0.9953,1.01,"12,96,14,564","94,01,60,489"
25-10-2020,0.9995,1.01,0.9958,0.9969,"7,37,86,723","93,46,36,883"
24-10-2020,1.01,1.01,0.9963,0.9995,"6,90,14,228","93,76,04,533"
23-10-2020,1.01,1.01,1,1.01,"6,75,54,067","94,36,42,520"
22-10-2020,1.01,1.01,1.01,1.01,"17,80,75,477","91,53,84,840"
21-10-2020,1.01,1.01,1.01,1.01,"11,46,93,279","91,52,58,609"
20-10-2020,1.01,1.01,1,1.01,"9,94,77,125","91,42,57,039"
19-10-2020,1.01,1.01,1,1.01,"7,34,38,772","91,39,56,909"
18-10-2020,1.01,1.01,1.01,1.01,"6,14,31,310","91,00,40,822"
17-10-2020,1.01,1.01,1,1.01,"6,32,80,637","91,17,74,883"
16-10-2020,1.01,1.01,1.01,1.01,"8,22,56,212","91,42,06,178"
15-10-2020,1.01,1.01,1.01,1.01,"10,16,58,285","92,00,26,314"
14-10-2020,1.01,1.01,1.01,1.01,"10,22,29,197","92,17,00,618"
13-10-2020,1.01,1.01,1.01,1.01,"8,35,40,390","93,73,84,159"
12-10-2020,1.01,1.02,1,1.01,"9,87,71,664","91,91,45,117"
11-10-2020,1.01,1.01,1.01,1.01,"7,38,54,751","90,63,95,871"
10-10-2020,1.01,1.01,1.01,1.01,"13,50,32,919","90,19,31,237"
09-10-2020,1.01,1.01,1.01,1.01,"13,27,93,903","88,34,40,623"
08-10-2020,1.01,1.01,1.01,1.01,"8,12,73,472","87,56,05,308"
07-10-2020,1.01,1.01,1.01,1.01,"8,03,86,530","87,51,07,923"
06-10-2020,1.01,1.01,1.01,1.01,"8,06,49,639","87,27,07,680"
05-10-2020,1.01,1.02,1.01,1.01,"7,28,22,020","87,01,79,826"
04-10-2020,1.01,1.02,1.01,1.01,"7,52,86,904","87,49,98,511"
03-10-2020,1.01,1.01,1.01,1.01,"7,15,66,137","87,37,52,756"
02-10-2020,1.01,1.01,1.01,1.01,"11,54,34,155","88,46,98,342"
01-10-2020,1.01,1.01,1.01,1.01,"11,19,59,219","89,80,20,844"
30-09-2020,1.01,1.01,1.01,1.01,"9,44,10,187","90,92,36,181"
29-09-2020,1.01,1.01,1.01,1.01,"11,37,29,182","91,41,04,773"
28-09-2020,1.01,1.01,1.01,1.01,"12,19,77,428","92,23,11,839"
27-09-2020,1.01,1.01,1.01,1.01,"9,76,33,028","92,99,51,744"
26-09-2020,1.01,1.01,1.01,1.01,"14,06,61,842","91,26,14,309"
25-09-2020,1.01,1.01,1.01,1.01,"12,41,86,204","90,08,00,312"
24-09-2020,1.01,1.01,1.01,1.01,"15,72,84,607","90,25,80,300"
23-09-2020,1.01,1.01,1.01,1.01,"19,54,67,535","86,56,68,155"
22-09-2020,1.01,1.02,1.01,1.01,"6,79,20,167","85,18,30,297"
21-09-2020,1.01,1.02,1.01,1.01,"9,76,35,284","83,95,67,935"
20-09-2020,1.02,1.02,1.01,1.01,"8,09,47,513","81,08,41,693"
19-09-2020,1.02,1.03,1.01,1.02,"8,36,77,339","79,23,93,958"
18-09-2020,1.02,1.14,0.9811,1.02,"11,46,29,864","69,63,73,910"
17-09-2020,1.02,1.02,0.9965,1.02,"11,21,01,123","63,89,40,700"
16-09-2020,1.03,1.04,0.9941,1.01,"9,05,29,872","57,84,67,903"
15-09-2020,1.03,1.05,1.02,1.03,"10,83,38,175","61,87,06,315"
14-09-2020,1.02,1.07,1.02,1.03,"15,50,71,912","53,95,46,267"
13-09-2020,1.03,1.04,1.02,1.03,"7,48,53,268","47,49,53,501"
12-09-2020,1.04,1.05,1.03,1.03,"5,04,28,522","47,50,12,549"
11-09-2020,1.04,1.05,1.03,1.04,"5,80,06,718","46,80,44,952"
10-09-2020,1.03,1.05,1.02,1.04,"6,78,59,537","46,53,52,167"
09-09-2020,1.03,1.04,1.01,1.03,"9,20,30,155","44,16,67,075"
08-09-2020,1.03,1.05,1.01,1.03,"7,28,21,912","44,12,20,960"
07-09-2020,1.02,1.03,1.01,1.03,"7,84,74,368","43,89,51,336"
06-09-2020,1.03,1.03,1.01,1.02,"9,87,08,127","43,23,68,237"
05-09-2020,1.03,1.04,1.02,1.03,"17,18,32,358","44,93,38,598"
04-09-2020,1.03,1.03,1.01,1.03,"10,82,71,040","46,95,26,590"
03-09-2020,1.01,1.03,0.9995,1.03,"10,56,60,538","52,47,26,626"
02-09-2020,1.01,1.04,0.997,1.01,"9,82,00,894","49,01,48,098"
01-09-2020,1.02,1.04,1,1.01,"9,23,70,028","46,63,19,516"
31-08-2020,1.03,1.03,1.01,1.02,"6,67,88,239","45,32,19,651"
30-08-2020,1.03,1.06,0.9953,1.03,"7,51,88,538","45,34,01,560"
29-08-2020,1.01,1.05,0.9994,1.03,"6,73,76,514","45,04,52,278"
28-08-2020,1.01,1.02,1,1.01,"5,80,64,216","45,03,62,705"
27-08-2020,1.01,1.02,1.01,1.01,"4,85,10,201","44,82,72,924"
26-08-2020,1.02,1.02,1.01,1.01,"4,10,65,938","45,24,93,912"
25-08-2020,1.02,1.02,1.01,1.02,"4,85,93,199","45,12,14,444"
24-08-2020,1,1.02,0.9968,1.01,"5,19,87,764","44,81,47,853"
23-08-2020,0.9993,1.03,0.9949,1,"4,90,52,217","44,31,27,139"
22-08-2020,1.01,1.01,0.996,1,"4,91,62,113","44,14,67,224"
21-08-2020,1.01,1.06,0.9792,1,"6,23,65,746","43,53,07,436"
20-08-2020,1,1.02,0.9859,1.01,"5,52,59,448","43,47,06,111"
19-08-2020,1,1.02,1,1.01,"6,44,19,679","42,17,31,733"
18-08-2020,1.01,1.01,0.9999,1,"4,52,04,715","42,84,85,814"
17-08-2020,1.01,1.02,0.9998,1.01,"4,60,42,603","42,91,98,941"
16-08-2020,1,1.02,1,1.01,"4,12,27,604","42,50,48,488"
15-08-2020,1.01,1.01,0.9979,1,"4,41,07,861","41,37,58,074"
14-08-2020,1.03,1.03,0.9992,1.01,"5,47,37,351","41,54,34,271"
13-08-2020,1.01,1.05,0.9999,1.03,"4,42,61,897","44,10,60,842"
12-08-2020,1.02,1.02,0.9501,1.01,"4,48,18,720","42,39,63,995"
11-08-2020,1.02,1.03,1.01,1.01,"2,98,07,915","42,43,30,563"
10-08-2020,1.02,1.03,1,1.02,"3,43,46,474","42,56,27,880"
09-08-2020,1.01,1.02,1.01,1.02,"1,95,69,802","38,43,29,737"
08-08-2020,1.01,1.02,1.01,1.01,"2,09,62,370","38,13,71,182"
07-08-2020,1.02,1.03,1.01,1.01,"2,36,62,931","38,26,03,764"
06-08-2020,1.02,1.02,1.01,1.02,"1,33,39,646","38,18,59,304"
05-08-2020,1.01,1.03,1.01,1.02,"1,46,68,305","39,25,25,892"
04-08-2020,1.01,1.02,1.01,1.01,"1,65,02,946","38,32,55,774"
03-08-2020,1.01,1.02,1,1.01,"1,75,67,196","38,43,98,263"
02-08-2020,1.02,1.04,1,1.01,"2,51,00,823","36,66,75,256"
01-08-2020,1.03,1.03,1.01,1.02,"2,25,35,103","36,85,14,754"
31-07-2020,1.03,1.04,1.02,1.03,"2,29,33,590","37,36,14,643"
30-07-2020,1.03,1.04,1.03,1.03,"1,89,53,837","34,86,56,113"
29-07-2020,1.02,1.04,1.02,1.03,"1,88,73,978","33,09,36,556"
28-07-2020,1.01,1.03,1.01,1.02,"1,29,91,120","30,20,70,195"
27-07-2020,1.01,1.02,1.01,1.01,"1,76,10,963","28,75,78,908"
26-07-2020,1.01,1.02,1,1.01,"1,93,26,007","27,65,34,298"
25-07-2020,1.03,1.04,1,1.01,"2,04,00,950","25,37,99,216"
24-07-2020,1.03,1.04,1.02,1.03,"1,80,35,196","28,55,28,290"
23-07-2020,1.03,1.03,1.02,1.03,"1,87,77,152","26,37,97,840"
22-07-2020,1.01,1.03,1.01,1.03,"1,00,60,082","22,33,63,052"
21-07-2020,1.01,1.02,1.01,1.01,"97,45,520","22,27,74,702"
20-07-2020,1.01,1.01,1,1.01,"1,03,38,905","21,98,07,881"
19-07-2020,1,1.01,0.9993,1.01,"85,71,477","21,99,62,050"
18-07-2020,1,1.01,1,1,"69,82,228","21,03,68,832"
17-07-2020,1.01,1.01,1,1,"73,70,643","20,79,93,011"
16-07-2020,1,1.01,0.999,1.01,"93,48,150","20,01,47,123"
15-07-2020,1.01,1.01,1,1,"84,40,095","19,86,96,041"
14-07-2020,1.01,1.01,1,1.01,"79,73,915","19,76,79,308"
13-07-2020,1.02,1.02,1,1.01,"98,77,101","19,75,09,891"
12-07-2020,1.01,1.02,1.01,1.02,"70,49,854","19,33,59,879"
11-07-2020,1.02,1.02,1.01,1.01,"63,04,152","20,01,17,229"
10-07-2020,1.02,1.02,1.01,1.02,"77,70,650","19,13,76,188"
09-07-2020,1.02,1.02,1.01,1.02,"1,07,36,036","18,89,21,259"
08-07-2020,1.01,1.02,1.01,1.02,"98,67,278","18,83,47,949"
07-07-2020,1.01,1.02,1.01,1.01,"78,92,018","18,53,51,875"
06-07-2020,1.01,1.02,1.01,1.02,"80,64,109","18,16,30,087"
05-07-2020,1.01,1.01,1,1.01,"73,11,529","17,49,35,587"
04-07-2020,1.01,1.02,1.01,1.01,"70,89,984","17,22,03,078"
03-07-2020,1.01,1.02,1.01,1.01,"97,79,786","16,32,65,075"
02-07-2020,1.01,1.01,1,1.01,"74,37,320","15,19,45,658"
01-07-2020,1,1.01,0.9998,1.01,"78,96,178","12,84,14,094"
30-06-2020,1,1.01,0.9982,1,"61,77,577","12,77,51,324"
29-06-2020,1,1.01,0.9958,1,"58,37,816","12,79,99,116"
28-06-2020,1,1.01,0.9976,1,"65,35,165","12,77,66,776"
27-06-2020,0.9969,1,0.9909,1,"86,42,954","12,75,96,178"
26-06-2020,0.9991,1,0.9938,0.9972,"72,22,881","12,70,65,499"
25-06-2020,0.998,1,0.9888,0.9991,"73,27,108","12,73,08,679"
24-06-2020,1.01,1.01,0.9916,0.9973,"73,96,127","12,70,79,993"
23-06-2020,1.01,1.01,0.9954,1.01,"69,71,332","12,84,58,666"
22-06-2020,0.9989,1.01,0.9989,1.01,"87,10,246","12,84,15,252"
21-06-2020,1,1.01,0.9972,0.9992,"60,25,805","12,53,85,083"
20-06-2020,0.9975,1.01,0.9944,1,"59,12,944","12,57,84,696"
19-06-2020,1.01,1.01,0.9957,0.9973,"78,69,758","12,51,51,771"
18-06-2020,1.01,1.01,0.9992,1.01,"70,64,656","12,61,57,169"
17-06-2020,1,1.01,0.9977,1.01,"76,55,836","12,61,68,877"
16-06-2020,1,1.01,0.9993,1,"77,57,830","12,60,59,023"
15-06-2020,1.01,1.01,1,1,"1,20,38,320","12,61,11,640"
14-06-2020,0.9974,1.02,0.9944,1.01,"2,01,82,241","12,66,87,924"
13-06-2020,0.9975,0.999,0.9932,0.9977,"68,81,782","12,51,94,430"
12-06-2020,1.01,1.01,0.9948,0.9975,"80,48,161","12,51,67,316"
11-06-2020,1.01,1.01,0.9832,1.01,"1,28,65,280","12,61,72,139"
10-06-2020,1,1.01,0.9987,1.01,"83,51,046","12,15,51,706"
09-06-2020,1,1.01,0.9971,1,"82,39,780","12,11,63,650"
08-06-2020,1.01,1.01,0.9949,1,"65,58,333","12,31,89,670"
07-06-2020,0.9991,1.01,0.9903,1.01,"71,07,409","13,58,14,148"
06-06-2020,1,1.01,0.9954,0.9991,"60,59,871","13,17,72,152"
05-06-2020,1.01,1.01,0.9975,0.9996,"69,87,269","13,17,18,161"
04-06-2020,1,1.01,0.9925,1.01,"81,10,432","13,22,27,475"
03-06-2020,0.995,1.01,0.9931,1,"78,29,430","13,19,77,979"
02-06-2020,1.02,1.02,0.9916,0.995,"1,29,04,441","12,05,71,932"
01-06-2020,0.9928,1.02,0.992,1.02,"1,00,53,733","12,63,82,393"
31-05-2020,1.01,1.01,0.9902,0.9923,"77,13,504","12,87,49,944"
30-05-2020,0.9879,1.01,0.9829,1.01,"1,17,09,752","12,61,64,423"
29-05-2020,1.01,1.02,0.9836,1,"89,29,349","12,17,55,731"
28-05-2020,1.01,1.01,0.9992,1.01,"1,23,18,448","12,15,99,261"
27-05-2020,0.9989,1.01,0.9987,1.01,"66,40,750","12,10,34,255"
26-05-2020,0.9966,1,0.9925,0.9989,"88,67,698","11,92,99,894"
25-05-2020,0.9858,1,0.9819,0.9964,"64,84,030","12,00,99,418"
24-05-2020,1,1.01,0.986,0.9866,"74,40,923","11,89,79,753"
23-05-2020,1.01,1.01,0.9962,1,"62,22,107","12,09,57,842"
22-05-2020,0.9967,1.01,0.9942,1.01,"76,54,987","12,47,87,998"
21-05-2020,1,1,0.9842,0.9965,"1,10,70,155","11,84,21,808"
20-05-2020,0.9953,1,0.9946,1,"74,84,489","11,99,51,509"
19-05-2020,0.9989,1.01,0.9926,0.9953,"94,17,566","11,36,48,939"
18-05-2020,0.9953,1.03,0.9916,0.9993,"1,05,00,725","11,37,69,981"
17-05-2020,1,1.02,0.9834,0.9939,"76,80,861","10,95,84,305"
16-05-2020,0.9846,1.01,0.9792,1,"83,73,798","11,00,58,026"
15-05-2020,1.01,1.01,0.9777,0.9857,"1,37,11,063","10,77,42,091"
14-05-2020,1.02,1.03,0.9983,1.01,"1,64,90,183","11,00,00,727"
13-05-2020,1,1.03,1,1.02,"1,48,47,587","10,98,61,865"
12-05-2020,0.9941,1.01,0.9917,1,"1,36,48,002","10,84,67,168"
11-05-2020,1.01,1.01,0.9785,0.9932,"1,89,09,909","10,78,16,854"
10-05-2020,1,1.01,0.9455,1.01,"2,82,00,453","11,02,23,366"
09-05-2020,1,1.01,0.9943,1,"1,50,36,577","11,23,37,890"
08-05-2020,1.01,1.02,0.9961,1,"2,08,37,246","11,16,10,475"
07-05-2020,0.9979,1.02,0.9852,1.01,"1,93,93,707","11,25,16,049"
06-05-2020,1.01,1.02,0.9975,0.9979,"1,25,07,706","11,09,74,342"
05-05-2020,1.01,1.02,0.9894,1.01,"1,35,80,697","11,27,75,729"
04-05-2020,0.9937,1.02,0.9761,1.01,"1,73,18,067","11,18,44,255"
03-05-2020,1.01,1.02,0.9884,0.9933,"1,51,60,972","11,00,92,899"
02-05-2020,1.01,1.01,0.9961,1.01,"1,31,43,639","10,88,19,528"
01-05-2020,0.9997,1.03,0.9961,1.01,"1,46,82,420","9,91,05,462"
30-04-2020,1.02,1.03,0.9866,0.9997,"2,05,39,852","9,93,98,642"
29-04-2020,1.01,1.04,0.9999,1.02,"2,13,46,830","10,14,34,381"
28-04-2020,1.01,1.01,0.9968,1,"1,20,76,580","9,72,46,819"
27-04-2020,1.01,1.02,0.9942,1.01,"1,21,56,993","9,73,07,737"
26-04-2020,1.02,1.02,1,1.01,"1,34,88,537","9,75,67,652"
25-04-2020,1.01,1.03,1.01,1.02,"1,23,10,801","9,75,66,012"
24-04-2020,0.9997,1.02,0.9984,1.01,"1,23,87,992","9,63,00,420"
23-04-2020,1.02,1.02,0.9957,1,"1,76,18,690","9,29,38,591"
22-04-2020,1.01,1.02,1.01,1.02,"1,29,15,203","9,05,21,125"
21-04-2020,0.9928,1.01,0.9915,1.01,"1,29,51,849","8,99,86,142"
20-04-2020,1.01,1.02,0.9893,0.9926,"1,56,35,487","8,72,69,191"
19-04-2020,1.02,1.02,1.01,1.01,"1,85,23,518","8,77,66,453"
18-04-2020,1.01,1.04,1.01,1.02,"1,49,13,751","8,39,87,549"
17-04-2020,1.02,1.03,1.01,1.01,"1,20,94,160","8,21,53,813"
16-04-2020,0.9842,1.04,0.9746,1.02,"1,65,79,140","8,29,49,110"
15-04-2020,0.9943,1.01,0.9807,0.9837,"1,16,45,055","7,91,25,180"
14-04-2020,1.01,1.02,0.9907,0.9934,"1,19,39,085","7,94,80,334"
13-04-2020,1.01,1.02,0.9864,1.01,"1,17,07,567","8,05,11,877"
12-04-2020,1,1.02,0.9943,1.01,"1,33,80,743","8,05,62,058"
11-04-2020,0.9967,1.01,0.9873,0.9997,"1,22,48,595","7,96,22,320"
10-04-2020,1.02,1.02,0.9858,0.9967,"1,41,91,847","7,93,69,495"
09-04-2020,1.02,1.02,1,1.02,"1,27,18,638","8,09,73,828"
08-04-2020,1.02,1.02,1.01,1.02,"1,45,91,054","8,04,54,950"
07-04-2020,1.05,1.05,0.9987,1.02,"2,65,30,743","8,11,64,683"
06-04-2020,1.01,1.05,1.01,1.05,"1,85,94,074","9,10,29,919"
05-04-2020,1.02,1.02,1,1.01,"1,00,32,522","8,70,12,473"
04-04-2020,1,1.02,0.9976,1.02,"1,24,92,038","8,83,12,432"
03-04-2020,1.02,1.02,0.9989,1,"1,18,37,308","8,61,79,591"
02-04-2020,1.02,1.04,1.01,1.02,"1,55,42,369","8,74,44,086"
01-04-2020,1.01,1.03,0.9948,1.02,"1,08,86,562","8,46,65,103"
31-03-2020,1.02,1.02,1,1.01,"1,28,21,515","8,40,21,801"
30-03-2020,0.9807,1.02,0.9787,1.02,"1,37,05,358","8,33,35,720"
29-03-2020,1,1.02,0.9792,0.9813,"1,04,64,517","7,96,50,413"
28-03-2020,1,1.01,0.9801,1,"1,42,86,337","8,17,66,315"
27-03-2020,1.02,1.02,0.9966,0.9995,"1,22,89,196","8,08,71,727"
26-03-2020,1,1.02,0.9962,1.02,"1,46,27,888","8,27,84,647"
25-03-2020,1,1.01,0.9822,1,"1,23,57,470","8,10,83,970"
24-03-2020,1.03,1.05,0.9825,1,"1,16,55,469","8,07,09,177"
23-03-2020,0.9713,1.04,0.9687,1.04,"1,10,59,862","8,34,43,900"
22-03-2020,1.01,1.02,0.9686,0.9713,"1,30,47,508","7,85,68,470"
21-03-2020,0.9925,1.02,0.983,1.01,"1,27,61,240","8,37,60,244"
20-03-2020,1.02,1.05,0.964,0.9925,"2,37,41,397","8,25,81,980"
19-03-2020,0.9941,1.04,0.9941,1.02,"2,08,68,363","8,28,72,609"
18-03-2020,0.9908,1.01,0.9885,0.9941,"1,44,77,589","9,26,51,064"
17-03-2020,1.03,1.06,0.9851,0.9934,"1,72,05,581","9,07,23,381"
16-03-2020,1.04,1.07,0.9922,1.03,"3,38,14,026","9,34,78,571"
15-03-2020,0.9985,1.08,0.9933,1.03,"2,87,27,471","9,93,03,091"
14-03-2020,1.09,1.1,0.9919,0.9985,"2,36,98,135","9,41,89,048"
13-03-2020,1.03,1.11,0.9782,1.09,"7,12,60,808","10,58,58,180"
12-03-2020,1,1.07,0.9928,1.04,"7,02,63,958","10,96,34,315"
11-03-2020,0.9956,1,0.9781,1,"2,61,00,688","11,69,90,213"
10-03-2020,1.01,1.01,0.9888,0.9957,"1,88,90,026","11,81,78,863"
09-03-2020,0.9765,1.01,0.9756,1.01,"3,04,91,965","11,96,88,330"
08-03-2020,0.9953,1,0.9746,0.9774,"2,07,91,946","11,86,13,645"
07-03-2020,1.02,1.02,0.9866,0.9953,"1,93,65,810","12,10,52,984"
06-03-2020,1.01,1.02,1,1.02,"1,91,42,305","12,30,80,292"
05-03-2020,1,1.01,0.9994,1.01,"1,87,95,764","11,85,81,272"
04-03-2020,0.9994,1.01,0.9952,1,"1,64,05,147","11,78,32,570"
03-03-2020,1,1.01,0.9921,0.9994,"1,58,58,690","11,71,80,433"
02-03-2020,0.9996,1.01,0.9955,1,"2,12,59,891","11,76,08,068"
01-03-2020,0.9961,1.01,0.9869,0.9995,"2,58,26,815","11,66,56,790"
29-02-2020,1.01,1.02,0.993,0.9963,"1,74,17,335","11,85,61,822"
28-02-2020,0.9973,1.02,0.9808,1.01,"2,17,03,047","12,03,92,079"
27-02-2020,0.9988,1.01,0.9869,0.9969,"3,53,96,356","12,13,81,743"
26-02-2020,0.9867,1,0.978,0.9985,"3,44,75,811","12,18,15,771"
25-02-2020,0.9878,0.9959,0.9771,0.9826,"2,11,76,820","12,13,50,907"
24-02-2020,1.01,1.02,0.9758,0.9877,"1,97,47,543","11,91,08,183"
23-02-2020,0.9971,1.02,0.9958,1.01,"1,57,99,635","12,25,09,116"
22-02-2020,0.9984,1,0.9908,0.9971,"1,69,48,279","11,97,35,601"
21-02-2020,0.9882,1,0.9836,1,"1,78,67,269","12,02,87,983"
20-02-2020,0.9645,0.9969,0.9628,0.9878,"2,00,89,967","11,85,55,433"
19-02-2020,1.02,1.02,0.9628,0.9648,"2,16,75,540","11,59,27,376"
18-02-2020,1.01,1.03,0.9909,1.02,"2,15,87,204","12,41,91,560"
17-02-2020,0.9917,1.01,0.9809,1.01,"2,58,77,439","12,66,02,760"
16-02-2020,0.9875,1,0.9732,0.9912,"2,47,21,716","12,55,99,792"
15-02-2020,0.9937,1.01,0.9803,0.9856,"2,38,72,589","12,36,48,021"
14-02-2020,0.9943,1.02,0.9876,0.9937,"2,30,31,852","12,32,45,953"
13-02-2020,1.02,1.02,0.9886,0.9951,"2,52,12,913","12,10,03,078"
12-02-2020,1.01,1.03,0.9788,1.02,"2,98,71,184","12,08,76,072"
11-02-2020,0.9962,1.01,0.991,1.01,"2,40,90,297","11,66,15,864"
10-02-2020,1.01,1.01,0.987,0.9968,"2,00,10,030","11,39,05,898"
09-02-2020,1.02,1.02,0.9975,1.01,"2,07,90,340","11,48,17,572"
08-02-2020,1.01,1.02,0.9925,1.02,"2,02,78,482","11,45,01,365"
07-02-2020,1,1.01,0.9987,1.01,"1,85,00,810","11,23,95,969"
06-02-2020,1.02,1.02,0.9932,1,"2,00,66,580","11,07,49,934"
05-02-2020,1,1.04,0.9956,1.02,"1,85,96,804","11,26,95,724"
04-02-2020,0.9972,1.01,0.9906,1,"1,63,75,644","10,94,19,530"
03-02-2020,0.9964,1.01,0.9889,0.9977,"1,71,95,513","10,63,49,845"
02-02-2020,1.01,1.03,0.9911,0.9964,"1,69,68,250","10,52,84,832"
01-02-2020,1,1.02,1,1.01,"1,48,73,854","10,79,95,497"
31-01-2020,1.02,1.02,0.986,1.01,"1,64,89,795","10,70,15,691"
30-01-2020,0.9999,1.04,0.9892,1.02,"1,82,78,061","10,77,43,703"
29-01-2020,1.01,1.01,0.9964,0.9992,"1,63,09,049","10,44,90,608"
28-01-2020,1.02,1.03,0.9909,1.01,"1,72,05,596","10,54,61,959"
27-01-2020,1.01,1.02,1,1.02,"1,68,81,575","10,41,07,549"
26-01-2020,0.9903,1.01,0.9832,1.01,"1,42,92,201","10,16,25,920"
25-01-2020,0.9987,1,0.9826,0.9886,"1,33,14,599","9,93,62,724"
24-01-2020,0.991,1.01,0.9785,1,"1,52,48,299","10,01,07,567"
23-01-2020,0.9955,0.9976,0.978,0.991,"1,60,40,879","9,85,45,962"
22-01-2020,0.9975,1.01,0.9908,0.996,"1,45,47,495","9,66,61,396"
21-01-2020,0.9914,1,0.982,0.9992,"1,48,56,777","9,69,72,668"
20-01-2020,0.9859,0.9999,0.9801,0.9916,"1,51,09,478",0
19-01-2020,1,1.01,0.9795,0.9859,"1,67,67,022",0
18-01-2020,1,1.01,0.987,1,"1,65,75,859",0
17-01-2020,0.9851,1.02,0.9755,1,"1,44,12,819",0
16-01-2020,0.9939,1,0.9508,0.9848,"97,39,39,834",0
15-01-2020,1,1.02,0.9657,0.9957,"50,59,27,649",0
14-01-2020,1,1.02,0.9939,1,"89,95,881",0
13-01-2020,1,1.01,0.998,1,"37,52,013",0
12-01-2020,1,1.01,0.9977,1,"39,66,035",0
11-01-2020,1,1.01,0.9971,1,"35,83,659",0
10-01-2020,1.01,1.01,0.9978,1,"60,95,383",0
09-01-2020,1.01,1.01,0.9966,1.01,"48,61,969",0
08-01-2020,0.996,1.01,0.99,1.01,"83,31,934",0
07-01-2020,1,1.01,0.9943,0.996,"64,68,096",0
06-01-2020,1.01,1.01,0.9966,1,"57,58,883",0
05-01-2020,1.01,1.02,1,1.01,"46,10,514",0
04-01-2020,1,1.01,0.9994,1.01,"33,42,562",0
03-01-2020,0.9987,1,0.9918,1,"35,78,684",0
02-01-2020,1,1,0.9946,0.9978,"29,25,547",0
01-01-2020,0.9978,1,0.9958,1,"20,58,558",0
31-12-2019,1.01,1.01,0.9967,0.998,"31,15,204",0
30-12-2019,1.01,1.01,1,1.01,"33,38,305",0
29-12-2019,1.01,1.03,1,1,"39,67,640",0
28-12-2019,1.01,1.02,1.01,1.01,"24,71,911",0
27-12-2019,1,1.02,0.9969,1.01,"25,22,002",0
26-12-2019,1.01,1.01,0.9948,1,"28,58,958",0
25-12-2019,1.01,1.02,1,1.01,"17,90,487",0
24-12-2019,0.9968,1.02,0.9943,1.01,"38,62,385",0
23-12-2019,0.9999,1.01,0.9942,0.9973,"36,25,855",0
22-12-2019,1.01,1.01,0.9975,0.9999,"15,91,895",0
21-12-2019,1,1.01,1,1.01,"13,42,908",0
20-12-2019,1.01,1.01,0.9962,1,"16,86,796",0
19-12-2019,1,1.02,0.9978,1.01,"20,55,299",0
18-12-2019,1,1.03,0.994,1,"52,56,854",0
17-12-2019,1.01,1.02,0.9999,1,"50,02,589",0
16-12-2019,1,1.02,0.9991,1.01,"34,03,102",0
15-12-2019,1.01,1.01,0.9816,1,"15,05,775",0
14-12-2019,1,1.01,1,1.01,"16,45,619",0
13-12-2019,1.01,1.01,0.9995,1,"22,11,492",0
12-12-2019,1,1.01,0.9965,1.01,"23,72,303",0
11-12-2019,1,1.01,1,1,"28,41,475",0
10-12-2019,1.01,1.01,1,1,"22,37,471",0
09-12-2019,1,1.01,0.9964,1.01,"27,76,887",0
08-12-2019,1.01,1.01,1,1,"40,15,579",0
07-12-2019,1,1.01,0.9988,1.01,"19,31,386",0
06-12-2019,1.01,1.01,0.9999,1,"24,79,272",0
05-12-2019,1,1.03,0.9974,1.01,"13,99,150",0
04-12-2019,1,1.01,0.9848,1,"23,08,280",0
03-12-2019,0.9979,1.01,0.9913,1,"14,36,267",0
02-12-2019,1,1.02,0.9934,0.9979,"16,52,542",0
01-12-2019,1,1.02,0.9955,1,"13,83,114",0
30-11-2019,1,1.02,1,1.01,"10,99,787",0
29-11-2019,1,1.01,0.9935,1,"15,17,444",0
28-11-2019,0.9999,1.02,0.9923,1,"12,95,174",0
27-11-2019,1,1.03,0.9844,0.997,"4,78,836",0
26-11-2019,1.01,1.03,0.9918,1.01,"2,17,385",0
25-11-2019,1,1.03,0.9848,1.01,"9,58,777",0
24-11-2019,1.02,1.04,0.9956,1,"2,55,060",0
23-11-2019,0.9922,1.03,0.9883,1.02,"3,11,283",0
22-11-2019,0.9974,1.03,0.9722,0.9926,"21,04,541",0
